tid,attribute,correct_val
0,CRIM,0.00632
0,ZN,18
0,INDUS,2.31
0,CHAS,0.0
0,NOX,0.538
0,RM,6.575
0,AGE,65.2
0,DIS,4.09
0,RAD,1
0,TAX,296
0,PTRATIO,15.3
0,B,396.9
0,LSTAT,4.98
1,CRIM,0.02731
1,ZN,0
1,INDUS,7.07
1,CHAS,0.0
1,NOX,0.469
1,RM,6.421
1,AGE,78.9
1,DIS,4.9671
1,RAD,2
1,TAX,242
1,PTRATIO,17.8
1,B,396.9
1,LSTAT,9.14
2,CRIM,0.02729
2,ZN,0
2,INDUS,7.07
2,CHAS,0.0
2,NOX,0.469
2,RM,7.185
2,AGE,61.1
2,DIS,4.9671
2,RAD,2
2,TAX,242
2,PTRATIO,17.8
2,B,392.83
2,LSTAT,4.03
3,CRIM,0.03237
3,ZN,0
3,INDUS,2.18
3,CHAS,0.0
3,NOX,0.458
3,RM,6.998
3,AGE,45.8
3,DIS,6.0622
3,RAD,3
3,TAX,222
3,PTRATIO,18.7
3,B,394.63
3,LSTAT,2.94
4,CRIM,0.06905
4,ZN,0
4,INDUS,2.18
4,CHAS,0.0
4,NOX,0.458
4,RM,7.147
4,AGE,54.2
4,DIS,6.0622
4,RAD,3
4,TAX,222
4,PTRATIO,18.7
4,B,396.9
4,LSTAT,5.33
5,CRIM,0.02985
5,ZN,0
5,INDUS,2.18
5,CHAS,0.0
5,NOX,0.458
5,RM,6.43
5,AGE,58.7
5,DIS,6.0622
5,RAD,3
5,TAX,222
5,PTRATIO,18.7
5,B,394.12
5,LSTAT,5.21
6,CRIM,0.08829
6,ZN,12
6,INDUS,7.87
6,CHAS,0.0
6,NOX,0.524
6,RM,6.012
6,AGE,66.6
6,DIS,5.5605
6,RAD,5
6,TAX,311
6,PTRATIO,15.2
6,B,395.6
6,LSTAT,12.43
7,CRIM,0.14455
7,ZN,12
7,INDUS,7.87
7,CHAS,0.0
7,NOX,0.524
7,RM,6.172
7,AGE,96.1
7,DIS,5.9505
7,RAD,5
7,TAX,311
7,PTRATIO,15.2
7,B,396.9
7,LSTAT,19.15
8,CRIM,0.21124
8,ZN,12
8,INDUS,7.87
8,CHAS,0.0
8,NOX,0.524
8,RM,5.631
8,AGE,100.0
8,DIS,6.0821
8,RAD,5
8,TAX,311
8,PTRATIO,15.2
8,B,386.63
8,LSTAT,29.93
9,CRIM,0.17004
9,ZN,12
9,INDUS,7.87
9,CHAS,0.0
9,NOX,0.524
9,RM,6.004
9,AGE,85.9
9,DIS,6.5921
9,RAD,5
9,TAX,311
9,PTRATIO,15.2
9,B,386.71
9,LSTAT,17.1
10,CRIM,0.22489
10,ZN,12
10,INDUS,7.87
10,CHAS,0.0
10,NOX,0.524
10,RM,6.377
10,AGE,94.3
10,DIS,6.3467
10,RAD,5
10,TAX,311
10,PTRATIO,15.2
10,B,392.52
10,LSTAT,20.45
11,CRIM,0.11747
11,ZN,12
11,INDUS,7.87
11,CHAS,0.0
11,NOX,0.524
11,RM,6.009
11,AGE,82.9
11,DIS,6.2267
11,RAD,5
11,TAX,311
11,PTRATIO,15.2
11,B,396.9
11,LSTAT,13.27
12,CRIM,0.09378
12,ZN,12
12,INDUS,7.87
12,CHAS,0.0
12,NOX,0.524
12,RM,5.889
12,AGE,39.0
12,DIS,5.4509
12,RAD,5
12,TAX,311
12,PTRATIO,15.2
12,B,390.5
12,LSTAT,15.71
13,CRIM,0.62976
13,ZN,0
13,INDUS,8.14
13,CHAS,0.0
13,NOX,0.538
13,RM,5.949
13,AGE,61.8
13,DIS,4.7075
13,RAD,4
13,TAX,307
13,PTRATIO,21.0
13,B,396.9
13,LSTAT,8.26
14,CRIM,0.63796
14,ZN,0
14,INDUS,8.14
14,CHAS,0.0
14,NOX,0.538
14,RM,6.096
14,AGE,84.5
14,DIS,4.4619
14,RAD,4
14,TAX,307
14,PTRATIO,21.0
14,B,380.02
14,LSTAT,10.26
15,CRIM,0.62739
15,ZN,0
15,INDUS,8.14
15,CHAS,0.0
15,NOX,0.538
15,RM,5.834
15,AGE,56.5
15,DIS,4.4986
15,RAD,4
15,TAX,307
15,PTRATIO,21.0
15,B,395.62
15,LSTAT,8.47
16,CRIM,1.05393
16,ZN,0
16,INDUS,8.14
16,CHAS,0.0
16,NOX,0.538
16,RM,5.935
16,AGE,29.3
16,DIS,4.4986
16,RAD,4
16,TAX,307
16,PTRATIO,21.0
16,B,386.85
16,LSTAT,6.58
17,CRIM,0.7842
17,ZN,0
17,INDUS,8.14
17,CHAS,0.0
17,NOX,0.538
17,RM,5.99
17,AGE,81.7
17,DIS,4.2579
17,RAD,4
17,TAX,307
17,PTRATIO,21.0
17,B,386.75
17,LSTAT,14.67
18,CRIM,0.80271
18,ZN,0
18,INDUS,8.14
18,CHAS,0.0
18,NOX,0.538
18,RM,5.456
18,AGE,36.6
18,DIS,3.7965
18,RAD,4
18,TAX,307
18,PTRATIO,21.0
18,B,288.99
18,LSTAT,11.69
19,CRIM,0.7258
19,ZN,0
19,INDUS,8.14
19,CHAS,0.0
19,NOX,0.538
19,RM,5.727
19,AGE,69.5
19,DIS,3.7965
19,RAD,4
19,TAX,307
19,PTRATIO,21.0
19,B,390.95
19,LSTAT,11.28
20,CRIM,1.25179
20,ZN,0
20,INDUS,8.14
20,CHAS,0.0
20,NOX,0.538
20,RM,5.57
20,AGE,98.1
20,DIS,3.7979
20,RAD,4
20,TAX,307
20,PTRATIO,21.0
20,B,376.57
20,LSTAT,21.02
21,CRIM,0.85204
21,ZN,0
21,INDUS,8.14
21,CHAS,0.0
21,NOX,0.538
21,RM,5.965
21,AGE,89.2
21,DIS,4.0123
21,RAD,4
21,TAX,307
21,PTRATIO,21.0
21,B,392.53
21,LSTAT,13.83
22,CRIM,1.23247
22,ZN,0
22,INDUS,8.14
22,CHAS,0.0
22,NOX,0.538
22,RM,6.142
22,AGE,91.7
22,DIS,3.9769
22,RAD,4
22,TAX,307
22,PTRATIO,21.0
22,B,396.9
22,LSTAT,18.72
23,CRIM,0.98843
23,ZN,0
23,INDUS,8.14
23,CHAS,0.0
23,NOX,0.538
23,RM,5.813
23,AGE,100.0
23,DIS,4.0952
23,RAD,4
23,TAX,307
23,PTRATIO,21.0
23,B,394.54
23,LSTAT,19.88
24,CRIM,0.75026
24,ZN,0
24,INDUS,8.14
24,CHAS,0.0
24,NOX,0.538
24,RM,5.924
24,AGE,94.1
24,DIS,4.3996
24,RAD,4
24,TAX,307
24,PTRATIO,21.0
24,B,394.33
24,LSTAT,16.3
25,CRIM,0.84054
25,ZN,0
25,INDUS,8.14
25,CHAS,0.0
25,NOX,0.538
25,RM,5.599
25,AGE,85.7
25,DIS,4.4546
25,RAD,4
25,TAX,307
25,PTRATIO,21.0
25,B,303.42
25,LSTAT,16.51
26,CRIM,0.67191
26,ZN,0
26,INDUS,8.14
26,CHAS,0.0
26,NOX,0.538
26,RM,5.813
26,AGE,90.3
26,DIS,4.682
26,RAD,4
26,TAX,307
26,PTRATIO,21.0
26,B,376.88
26,LSTAT,14.81
27,CRIM,0.95577
27,ZN,0
27,INDUS,8.14
27,CHAS,0.0
27,NOX,0.538
27,RM,6.047
27,AGE,88.8
27,DIS,4.4534
27,RAD,4
27,TAX,307
27,PTRATIO,21.0
27,B,306.38
27,LSTAT,17.28
28,CRIM,0.77299
28,ZN,0
28,INDUS,8.14
28,CHAS,0.0
28,NOX,0.538
28,RM,6.495
28,AGE,94.4
28,DIS,4.4547
28,RAD,4
28,TAX,307
28,PTRATIO,21.0
28,B,387.94
28,LSTAT,12.8
29,CRIM,1.00245
29,ZN,0
29,INDUS,8.14
29,CHAS,0.0
29,NOX,0.538
29,RM,6.674
29,AGE,87.3
29,DIS,4.239
29,RAD,4
29,TAX,307
29,PTRATIO,21.0
29,B,380.23
29,LSTAT,11.98
30,CRIM,1.13081
30,ZN,0
30,INDUS,8.14
30,CHAS,0.0
30,NOX,0.538
30,RM,5.713
30,AGE,94.1
30,DIS,4.233
30,RAD,4
30,TAX,307
30,PTRATIO,21.0
30,B,360.17
30,LSTAT,22.6
31,CRIM,1.35472
31,ZN,0
31,INDUS,8.14
31,CHAS,0.0
31,NOX,0.538
31,RM,6.072
31,AGE,100.0
31,DIS,4.175
31,RAD,4
31,TAX,307
31,PTRATIO,21.0
31,B,376.73
31,LSTAT,13.04
32,CRIM,1.38799
32,ZN,0
32,INDUS,8.14
32,CHAS,0.0
32,NOX,0.538
32,RM,5.95
32,AGE,82.0
32,DIS,3.99
32,RAD,4
32,TAX,307
32,PTRATIO,21.0
32,B,232.6
32,LSTAT,27.71
33,CRIM,1.15172
33,ZN,0
33,INDUS,8.14
33,CHAS,0.0
33,NOX,0.538
33,RM,5.701
33,AGE,95.0
33,DIS,3.7872
33,RAD,4
33,TAX,307
33,PTRATIO,21.0
33,B,358.77
33,LSTAT,18.35
34,CRIM,1.61282
34,ZN,0
34,INDUS,8.14
34,CHAS,0.0
34,NOX,0.538
34,RM,6.096
34,AGE,96.9
34,DIS,3.7598
34,RAD,4
34,TAX,307
34,PTRATIO,21.0
34,B,248.31
34,LSTAT,20.34
35,CRIM,0.06417
35,ZN,0
35,INDUS,5.96
35,CHAS,0.0
35,NOX,0.499
35,RM,5.933
35,AGE,68.2
35,DIS,3.3603
35,RAD,5
35,TAX,279
35,PTRATIO,19.2
35,B,396.9
35,LSTAT,9.68
36,CRIM,0.09744
36,ZN,0
36,INDUS,5.96
36,CHAS,0.0
36,NOX,0.499
36,RM,5.841
36,AGE,61.4
36,DIS,3.3779
36,RAD,5
36,TAX,279
36,PTRATIO,19.2
36,B,377.56
36,LSTAT,11.41
37,CRIM,0.08014
37,ZN,0
37,INDUS,5.96
37,CHAS,0.0
37,NOX,0.499
37,RM,5.85
37,AGE,41.5
37,DIS,3.9342
37,RAD,5
37,TAX,279
37,PTRATIO,19.2
37,B,396.9
37,LSTAT,8.77
38,CRIM,0.17505
38,ZN,0
38,INDUS,5.96
38,CHAS,0.0
38,NOX,0.499
38,RM,5.966
38,AGE,30.2
38,DIS,3.8473
38,RAD,5
38,TAX,279
38,PTRATIO,19.2
38,B,393.43
38,LSTAT,10.13
39,CRIM,0.02763
39,ZN,75
39,INDUS,2.95
39,CHAS,0.0
39,NOX,0.428
39,RM,6.595
39,AGE,21.8
39,DIS,5.4011
39,RAD,3
39,TAX,252
39,PTRATIO,18.3
39,B,395.63
39,LSTAT,4.32
40,CRIM,0.03359
40,ZN,75
40,INDUS,2.95
40,CHAS,0.0
40,NOX,0.428
40,RM,7.024
40,AGE,15.8
40,DIS,5.4011
40,RAD,3
40,TAX,252
40,PTRATIO,18.3
40,B,395.62
40,LSTAT,1.98
41,CRIM,0.12744
41,ZN,0
41,INDUS,6.91
41,CHAS,0.0
41,NOX,0.448
41,RM,6.77
41,AGE,2.9
41,DIS,5.7209
41,RAD,3
41,TAX,233
41,PTRATIO,17.9
41,B,385.41
41,LSTAT,4.84
42,CRIM,0.1415
42,ZN,0
42,INDUS,6.91
42,CHAS,0.0
42,NOX,0.448
42,RM,6.169
42,AGE,6.6
42,DIS,5.7209
42,RAD,3
42,TAX,233
42,PTRATIO,17.9
42,B,383.37
42,LSTAT,5.81
43,CRIM,0.15936
43,ZN,0
43,INDUS,6.91
43,CHAS,0.0
43,NOX,0.448
43,RM,6.211
43,AGE,6.5
43,DIS,5.7209
43,RAD,3
43,TAX,233
43,PTRATIO,17.9
43,B,394.46
43,LSTAT,7.44
44,CRIM,0.12269
44,ZN,0
44,INDUS,6.91
44,CHAS,0.0
44,NOX,0.448
44,RM,6.069
44,AGE,40.0
44,DIS,5.7209
44,RAD,3
44,TAX,233
44,PTRATIO,17.9
44,B,389.39
44,LSTAT,9.55
45,CRIM,0.17142
45,ZN,0
45,INDUS,6.91
45,CHAS,0.0
45,NOX,0.448
45,RM,5.682
45,AGE,33.8
45,DIS,5.1004
45,RAD,3
45,TAX,233
45,PTRATIO,17.9
45,B,396.9
45,LSTAT,10.21
46,CRIM,0.18836
46,ZN,0
46,INDUS,6.91
46,CHAS,0.0
46,NOX,0.448
46,RM,5.786
46,AGE,33.3
46,DIS,5.1004
46,RAD,3
46,TAX,233
46,PTRATIO,17.9
46,B,396.9
46,LSTAT,14.15
47,CRIM,0.22927
47,ZN,0
47,INDUS,6.91
47,CHAS,0.0
47,NOX,0.448
47,RM,6.03
47,AGE,85.5
47,DIS,5.6894
47,RAD,3
47,TAX,233
47,PTRATIO,17.9
47,B,392.74
47,LSTAT,18.8
48,CRIM,0.25387
48,ZN,0
48,INDUS,6.91
48,CHAS,0.0
48,NOX,0.448
48,RM,5.399
48,AGE,95.3
48,DIS,5.87
48,RAD,3
48,TAX,233
48,PTRATIO,17.9
48,B,396.9
48,LSTAT,30.81
49,CRIM,0.21977
49,ZN,0
49,INDUS,6.91
49,CHAS,0.0
49,NOX,0.448
49,RM,5.602
49,AGE,62.0
49,DIS,6.0877
49,RAD,3
49,TAX,233
49,PTRATIO,17.9
49,B,396.9
49,LSTAT,16.2
50,CRIM,0.08873
50,ZN,21
50,INDUS,5.64
50,CHAS,0.0
50,NOX,0.439
50,RM,5.963
50,AGE,45.7
50,DIS,6.8147
50,RAD,4
50,TAX,243
50,PTRATIO,16.8
50,B,395.56
50,LSTAT,13.45
51,CRIM,0.04337
51,ZN,21
51,INDUS,5.64
51,CHAS,0.0
51,NOX,0.439
51,RM,6.115
51,AGE,63.0
51,DIS,6.8147
51,RAD,4
51,TAX,243
51,PTRATIO,16.8
51,B,393.97
51,LSTAT,9.43
52,CRIM,0.0536
52,ZN,21
52,INDUS,5.64
52,CHAS,0.0
52,NOX,0.439
52,RM,6.511
52,AGE,21.1
52,DIS,6.8147
52,RAD,4
52,TAX,243
52,PTRATIO,16.8
52,B,396.9
52,LSTAT,5.28
53,CRIM,0.04981
53,ZN,21
53,INDUS,5.64
53,CHAS,0.0
53,NOX,0.439
53,RM,5.998
53,AGE,21.4
53,DIS,6.8147
53,RAD,4
53,TAX,243
53,PTRATIO,16.8
53,B,396.9
53,LSTAT,8.43
54,CRIM,0.0136
54,ZN,75
54,INDUS,4.0
54,CHAS,0.0
54,NOX,0.41
54,RM,5.888
54,AGE,47.6
54,DIS,7.3197
54,RAD,3
54,TAX,469
54,PTRATIO,21.1
54,B,396.9
54,LSTAT,14.8
55,CRIM,0.01311
55,ZN,90
55,INDUS,1.22
55,CHAS,0.0
55,NOX,0.403
55,RM,7.249
55,AGE,21.9
55,DIS,8.6966
55,RAD,5
55,TAX,226
55,PTRATIO,17.9
55,B,395.93
55,LSTAT,4.81
56,CRIM,0.02055
56,ZN,85
56,INDUS,0.74
56,CHAS,0.0
56,NOX,0.41
56,RM,6.383
56,AGE,35.7
56,DIS,9.1876
56,RAD,2
56,TAX,313
56,PTRATIO,17.3
56,B,396.9
56,LSTAT,5.77
57,CRIM,0.01432
57,ZN,100
57,INDUS,1.32
57,CHAS,0.0
57,NOX,0.411
57,RM,6.816
57,AGE,40.5
57,DIS,8.3248
57,RAD,5
57,TAX,256
57,PTRATIO,15.1
57,B,392.9
57,LSTAT,3.95
58,CRIM,0.15445
58,ZN,25
58,INDUS,5.13
58,CHAS,0.0
58,NOX,0.453
58,RM,6.145
58,AGE,29.2
58,DIS,7.8148
58,RAD,8
58,TAX,284
58,PTRATIO,19.7
58,B,390.68
58,LSTAT,6.86
59,CRIM,0.10328
59,ZN,25
59,INDUS,5.13
59,CHAS,0.0
59,NOX,0.453
59,RM,5.927
59,AGE,47.2
59,DIS,6.932
59,RAD,8
59,TAX,284
59,PTRATIO,19.7
59,B,396.9
59,LSTAT,9.22
60,CRIM,0.14932
60,ZN,25
60,INDUS,5.13
60,CHAS,0.0
60,NOX,0.453
60,RM,5.741
60,AGE,66.2
60,DIS,7.2254
60,RAD,8
60,TAX,284
60,PTRATIO,19.7
60,B,395.11
60,LSTAT,13.15
61,CRIM,0.17171
61,ZN,25
61,INDUS,5.13
61,CHAS,0.0
61,NOX,0.453
61,RM,5.966
61,AGE,93.4
61,DIS,6.8185
61,RAD,8
61,TAX,284
61,PTRATIO,19.7
61,B,378.08
61,LSTAT,14.44
62,CRIM,0.11027
62,ZN,25
62,INDUS,5.13
62,CHAS,0.0
62,NOX,0.453
62,RM,6.456
62,AGE,67.8
62,DIS,7.2255
62,RAD,8
62,TAX,284
62,PTRATIO,19.7
62,B,396.9
62,LSTAT,6.73
63,CRIM,0.1265
63,ZN,25
63,INDUS,5.13
63,CHAS,0.0
63,NOX,0.453
63,RM,6.762
63,AGE,43.4
63,DIS,7.9809
63,RAD,8
63,TAX,284
63,PTRATIO,19.7
63,B,395.58
63,LSTAT,9.5
64,CRIM,0.01951
64,ZN,17
64,INDUS,1.38
64,CHAS,0.0
64,NOX,0.4161
64,RM,7.104
64,AGE,59.5
64,DIS,9.2229
64,RAD,3
64,TAX,216
64,PTRATIO,18.6
64,B,393.24
64,LSTAT,8.05
65,CRIM,0.03584
65,ZN,80
65,INDUS,3.37
65,CHAS,0.0
65,NOX,0.398
65,RM,6.29
65,AGE,17.8
65,DIS,6.6115
65,RAD,4
65,TAX,337
65,PTRATIO,16.1
65,B,396.9
65,LSTAT,4.67
66,CRIM,0.04379
66,ZN,80
66,INDUS,3.37
66,CHAS,0.0
66,NOX,0.398
66,RM,5.787
66,AGE,31.1
66,DIS,6.6115
66,RAD,4
66,TAX,337
66,PTRATIO,16.1
66,B,396.9
66,LSTAT,10.24
67,CRIM,0.05789
67,ZN,12
67,INDUS,6.07
67,CHAS,0.0
67,NOX,0.409
67,RM,5.878
67,AGE,21.4
67,DIS,6.498
67,RAD,4
67,TAX,345
67,PTRATIO,18.9
67,B,396.21
67,LSTAT,8.1
68,CRIM,0.13554
68,ZN,12
68,INDUS,6.07
68,CHAS,0.0
68,NOX,0.409
68,RM,5.594
68,AGE,36.8
68,DIS,6.498
68,RAD,4
68,TAX,345
68,PTRATIO,18.9
68,B,396.9
68,LSTAT,13.09
69,CRIM,0.12816
69,ZN,12
69,INDUS,6.07
69,CHAS,0.0
69,NOX,0.409
69,RM,5.885
69,AGE,33.0
69,DIS,6.498
69,RAD,4
69,TAX,345
69,PTRATIO,18.9
69,B,396.9
69,LSTAT,8.79
70,CRIM,0.08826
70,ZN,0
70,INDUS,10.81
70,CHAS,0.0
70,NOX,0.413
70,RM,6.417
70,AGE,6.6
70,DIS,5.2873
70,RAD,4
70,TAX,305
70,PTRATIO,19.2
70,B,383.73
70,LSTAT,6.72
71,CRIM,0.15876
71,ZN,0
71,INDUS,10.81
71,CHAS,0.0
71,NOX,0.413
71,RM,5.961
71,AGE,17.5
71,DIS,5.2873
71,RAD,4
71,TAX,305
71,PTRATIO,19.2
71,B,376.94
71,LSTAT,9.88
72,CRIM,0.09164
72,ZN,0
72,INDUS,10.81
72,CHAS,0.0
72,NOX,0.413
72,RM,6.065
72,AGE,7.8
72,DIS,5.2873
72,RAD,4
72,TAX,305
72,PTRATIO,19.2
72,B,390.91
72,LSTAT,5.52
73,CRIM,0.19539
73,ZN,0
73,INDUS,10.81
73,CHAS,0.0
73,NOX,0.413
73,RM,6.245
73,AGE,6.2
73,DIS,5.2873
73,RAD,4
73,TAX,305
73,PTRATIO,19.2
73,B,377.17
73,LSTAT,7.54
74,CRIM,0.07896
74,ZN,0
74,INDUS,12.83
74,CHAS,0.0
74,NOX,0.437
74,RM,6.273
74,AGE,6.0
74,DIS,4.2515
74,RAD,5
74,TAX,398
74,PTRATIO,18.7
74,B,394.92
74,LSTAT,6.78
75,CRIM,0.09512
75,ZN,0
75,INDUS,12.83
75,CHAS,0.0
75,NOX,0.437
75,RM,6.286
75,AGE,45.0
75,DIS,4.5026
75,RAD,5
75,TAX,398
75,PTRATIO,18.7
75,B,383.23
75,LSTAT,8.94
76,CRIM,0.10153
76,ZN,0
76,INDUS,12.83
76,CHAS,0.0
76,NOX,0.437
76,RM,6.279
76,AGE,74.5
76,DIS,4.0522
76,RAD,5
76,TAX,398
76,PTRATIO,18.7
76,B,373.66
76,LSTAT,11.97
77,CRIM,0.08707
77,ZN,0
77,INDUS,12.83
77,CHAS,0.0
77,NOX,0.437
77,RM,6.14
77,AGE,45.8
77,DIS,4.0905
77,RAD,5
77,TAX,398
77,PTRATIO,18.7
77,B,386.96
77,LSTAT,10.27
78,CRIM,0.05646
78,ZN,0
78,INDUS,12.83
78,CHAS,0.0
78,NOX,0.437
78,RM,6.232
78,AGE,53.7
78,DIS,5.0141
78,RAD,5
78,TAX,398
78,PTRATIO,18.7
78,B,386.4
78,LSTAT,12.34
79,CRIM,0.08387
79,ZN,0
79,INDUS,12.83
79,CHAS,0.0
79,NOX,0.437
79,RM,5.874
79,AGE,36.6
79,DIS,4.5026
79,RAD,5
79,TAX,398
79,PTRATIO,18.7
79,B,396.06
79,LSTAT,9.1
80,CRIM,0.04113
80,ZN,25
80,INDUS,4.86
80,CHAS,0.0
80,NOX,0.426
80,RM,6.727
80,AGE,33.5
80,DIS,5.4007
80,RAD,4
80,TAX,281
80,PTRATIO,19.0
80,B,396.9
80,LSTAT,5.29
81,CRIM,0.04462
81,ZN,25
81,INDUS,4.86
81,CHAS,0.0
81,NOX,0.426
81,RM,6.619
81,AGE,70.4
81,DIS,5.4007
81,RAD,4
81,TAX,281
81,PTRATIO,19.0
81,B,395.63
81,LSTAT,7.22
82,CRIM,0.03659
82,ZN,25
82,INDUS,4.86
82,CHAS,0.0
82,NOX,0.426
82,RM,6.302
82,AGE,32.2
82,DIS,5.4007
82,RAD,4
82,TAX,281
82,PTRATIO,19.0
82,B,396.9
82,LSTAT,6.72
83,CRIM,0.03551
83,ZN,25
83,INDUS,4.86
83,CHAS,0.0
83,NOX,0.426
83,RM,6.167
83,AGE,46.7
83,DIS,5.4007
83,RAD,4
83,TAX,281
83,PTRATIO,19.0
83,B,390.64
83,LSTAT,7.51
84,CRIM,0.05059
84,ZN,0
84,INDUS,4.49
84,CHAS,0.0
84,NOX,0.449
84,RM,6.389
84,AGE,48.0
84,DIS,4.7794
84,RAD,3
84,TAX,247
84,PTRATIO,18.5
84,B,396.9
84,LSTAT,9.62
85,CRIM,0.05735
85,ZN,0
85,INDUS,4.49
85,CHAS,0.0
85,NOX,0.449
85,RM,6.63
85,AGE,56.1
85,DIS,4.4377
85,RAD,3
85,TAX,247
85,PTRATIO,18.5
85,B,392.3
85,LSTAT,6.53
86,CRIM,0.05188
86,ZN,0
86,INDUS,4.49
86,CHAS,0.0
86,NOX,0.449
86,RM,6.015
86,AGE,45.1
86,DIS,4.4272
86,RAD,3
86,TAX,247
86,PTRATIO,18.5
86,B,395.99
86,LSTAT,12.86
87,CRIM,0.07151
87,ZN,0
87,INDUS,4.49
87,CHAS,0.0
87,NOX,0.449
87,RM,6.121
87,AGE,56.8
87,DIS,3.7476
87,RAD,3
87,TAX,247
87,PTRATIO,18.5
87,B,395.15
87,LSTAT,8.44
88,CRIM,0.0566
88,ZN,0
88,INDUS,3.41
88,CHAS,0.0
88,NOX,0.489
88,RM,7.007
88,AGE,86.3
88,DIS,3.4217
88,RAD,2
88,TAX,270
88,PTRATIO,17.8
88,B,396.9
88,LSTAT,5.5
89,CRIM,0.05302
89,ZN,0
89,INDUS,3.41
89,CHAS,0.0
89,NOX,0.489
89,RM,7.079
89,AGE,63.1
89,DIS,3.4145
89,RAD,2
89,TAX,270
89,PTRATIO,17.8
89,B,396.06
89,LSTAT,5.7
90,CRIM,0.04684
90,ZN,0
90,INDUS,3.41
90,CHAS,0.0
90,NOX,0.489
90,RM,6.417
90,AGE,66.1
90,DIS,3.0923
90,RAD,2
90,TAX,270
90,PTRATIO,17.8
90,B,392.18
90,LSTAT,8.81
91,CRIM,0.03932
91,ZN,0
91,INDUS,3.41
91,CHAS,0.0
91,NOX,0.489
91,RM,6.405
91,AGE,73.9
91,DIS,3.0921
91,RAD,2
91,TAX,270
91,PTRATIO,17.8
91,B,393.55
91,LSTAT,8.2
92,CRIM,0.04203
92,ZN,28
92,INDUS,15.04
92,CHAS,0.0
92,NOX,0.464
92,RM,6.442
92,AGE,53.6
92,DIS,3.6659
92,RAD,4
92,TAX,270
92,PTRATIO,18.2
92,B,395.01
92,LSTAT,8.16
93,CRIM,0.02875
93,ZN,28
93,INDUS,15.04
93,CHAS,0.0
93,NOX,0.464
93,RM,6.211
93,AGE,28.9
93,DIS,3.6659
93,RAD,4
93,TAX,270
93,PTRATIO,18.2
93,B,396.33
93,LSTAT,6.21
94,CRIM,0.04294
94,ZN,28
94,INDUS,15.04
94,CHAS,0.0
94,NOX,0.464
94,RM,6.249
94,AGE,77.3
94,DIS,3.615
94,RAD,4
94,TAX,270
94,PTRATIO,18.2
94,B,396.9
94,LSTAT,10.59
95,CRIM,0.12204
95,ZN,0
95,INDUS,2.89
95,CHAS,0.0
95,NOX,0.445
95,RM,6.625
95,AGE,57.8
95,DIS,3.4952
95,RAD,2
95,TAX,276
95,PTRATIO,18.0
95,B,357.98
95,LSTAT,6.65
96,CRIM,0.11504
96,ZN,0
96,INDUS,2.89
96,CHAS,0.0
96,NOX,0.445
96,RM,6.163
96,AGE,69.6
96,DIS,3.4952
96,RAD,2
96,TAX,276
96,PTRATIO,18.0
96,B,391.83
96,LSTAT,11.34
97,CRIM,0.12083
97,ZN,0
97,INDUS,2.89
97,CHAS,0.0
97,NOX,0.445
97,RM,8.069
97,AGE,76.0
97,DIS,3.4952
97,RAD,2
97,TAX,276
97,PTRATIO,18.0
97,B,396.9
97,LSTAT,4.21
98,CRIM,0.08187
98,ZN,0
98,INDUS,2.89
98,CHAS,0.0
98,NOX,0.445
98,RM,7.82
98,AGE,36.9
98,DIS,3.4952
98,RAD,2
98,TAX,276
98,PTRATIO,18.0
98,B,393.53
98,LSTAT,3.57
99,CRIM,0.0686
99,ZN,0
99,INDUS,2.89
99,CHAS,0.0
99,NOX,0.445
99,RM,7.416
99,AGE,62.5
99,DIS,3.4952
99,RAD,2
99,TAX,276
99,PTRATIO,18.0
99,B,396.9
99,LSTAT,6.19
100,CRIM,0.14866
100,ZN,0
100,INDUS,8.56
100,CHAS,0.0
100,NOX,0.52
100,RM,6.727
100,AGE,79.9
100,DIS,2.7778
100,RAD,5
100,TAX,384
100,PTRATIO,20.9
100,B,394.76
100,LSTAT,9.42
101,CRIM,0.11432
101,ZN,0
101,INDUS,8.56
101,CHAS,0.0
101,NOX,0.52
101,RM,6.781
101,AGE,71.3
101,DIS,2.8561
101,RAD,5
101,TAX,384
101,PTRATIO,20.9
101,B,395.58
101,LSTAT,7.67
102,CRIM,0.22876
102,ZN,0
102,INDUS,8.56
102,CHAS,0.0
102,NOX,0.52
102,RM,6.405
102,AGE,85.4
102,DIS,2.7147
102,RAD,5
102,TAX,384
102,PTRATIO,20.9
102,B,70.8
102,LSTAT,10.63
103,CRIM,0.21161
103,ZN,0
103,INDUS,8.56
103,CHAS,0.0
103,NOX,0.52
103,RM,6.137
103,AGE,87.4
103,DIS,2.7147
103,RAD,5
103,TAX,384
103,PTRATIO,20.9
103,B,394.47
103,LSTAT,13.44
104,CRIM,0.1396
104,ZN,0
104,INDUS,8.56
104,CHAS,0.0
104,NOX,0.52
104,RM,6.167
104,AGE,90.0
104,DIS,2.421
104,RAD,5
104,TAX,384
104,PTRATIO,20.9
104,B,392.69
104,LSTAT,12.33
105,CRIM,0.13262
105,ZN,0
105,INDUS,8.56
105,CHAS,0.0
105,NOX,0.52
105,RM,5.851
105,AGE,96.7
105,DIS,2.1069
105,RAD,5
105,TAX,384
105,PTRATIO,20.9
105,B,394.05
105,LSTAT,16.47
106,CRIM,0.1712
106,ZN,0
106,INDUS,8.56
106,CHAS,0.0
106,NOX,0.52
106,RM,5.836
106,AGE,91.9
106,DIS,2.211
106,RAD,5
106,TAX,384
106,PTRATIO,20.9
106,B,395.67
106,LSTAT,18.66
107,CRIM,0.13117
107,ZN,0
107,INDUS,8.56
107,CHAS,0.0
107,NOX,0.52
107,RM,6.127
107,AGE,85.2
107,DIS,2.1224
107,RAD,5
107,TAX,384
107,PTRATIO,20.9
107,B,387.69
107,LSTAT,14.09
108,CRIM,0.12802
108,ZN,0
108,INDUS,8.56
108,CHAS,0.0
108,NOX,0.52
108,RM,6.474
108,AGE,97.1
108,DIS,2.4329
108,RAD,5
108,TAX,384
108,PTRATIO,20.9
108,B,395.24
108,LSTAT,12.27
109,CRIM,0.26363
109,ZN,0
109,INDUS,8.56
109,CHAS,0.0
109,NOX,0.52
109,RM,6.229
109,AGE,91.2
109,DIS,2.5451
109,RAD,5
109,TAX,384
109,PTRATIO,20.9
109,B,391.23
109,LSTAT,15.55
110,CRIM,0.10793
110,ZN,0
110,INDUS,8.56
110,CHAS,0.0
110,NOX,0.52
110,RM,6.195
110,AGE,54.4
110,DIS,2.7778
110,RAD,5
110,TAX,384
110,PTRATIO,20.9
110,B,393.49
110,LSTAT,13.0
111,CRIM,0.10084
111,ZN,0
111,INDUS,10.01
111,CHAS,0.0
111,NOX,0.547
111,RM,6.715
111,AGE,81.6
111,DIS,2.6775
111,RAD,6
111,TAX,432
111,PTRATIO,17.8
111,B,395.59
111,LSTAT,10.16
112,CRIM,0.12329
112,ZN,0
112,INDUS,10.01
112,CHAS,0.0
112,NOX,0.547
112,RM,5.913
112,AGE,92.9
112,DIS,2.3534
112,RAD,6
112,TAX,432
112,PTRATIO,17.8
112,B,394.95
112,LSTAT,16.21
113,CRIM,0.22212
113,ZN,0
113,INDUS,10.01
113,CHAS,0.0
113,NOX,0.547
113,RM,6.092
113,AGE,95.4
113,DIS,2.548
113,RAD,6
113,TAX,432
113,PTRATIO,17.8
113,B,396.9
113,LSTAT,17.09
114,CRIM,0.14231
114,ZN,0
114,INDUS,10.01
114,CHAS,0.0
114,NOX,0.547
114,RM,6.254
114,AGE,84.2
114,DIS,2.2565
114,RAD,6
114,TAX,432
114,PTRATIO,17.8
114,B,388.74
114,LSTAT,10.45
115,CRIM,0.17134
115,ZN,0
115,INDUS,10.01
115,CHAS,0.0
115,NOX,0.547
115,RM,5.928
115,AGE,88.2
115,DIS,2.4631
115,RAD,6
115,TAX,432
115,PTRATIO,17.8
115,B,344.91
115,LSTAT,15.76
116,CRIM,0.13158
116,ZN,0
116,INDUS,10.01
116,CHAS,0.0
116,NOX,0.547
116,RM,6.176
116,AGE,72.5
116,DIS,2.7301
116,RAD,6
116,TAX,432
116,PTRATIO,17.8
116,B,393.3
116,LSTAT,12.04
117,CRIM,0.15098
117,ZN,0
117,INDUS,10.01
117,CHAS,0.0
117,NOX,0.547
117,RM,6.021
117,AGE,82.6
117,DIS,2.7474
117,RAD,6
117,TAX,432
117,PTRATIO,17.8
117,B,394.51
117,LSTAT,10.3
118,CRIM,0.13058
118,ZN,0
118,INDUS,10.01
118,CHAS,0.0
118,NOX,0.547
118,RM,5.872
118,AGE,73.1
118,DIS,2.4775
118,RAD,6
118,TAX,432
118,PTRATIO,17.8
118,B,338.63
118,LSTAT,15.37
119,CRIM,0.14476
119,ZN,0
119,INDUS,10.01
119,CHAS,0.0
119,NOX,0.547
119,RM,5.731
119,AGE,65.2
119,DIS,2.7592
119,RAD,6
119,TAX,432
119,PTRATIO,17.8
119,B,391.5
119,LSTAT,13.61
120,CRIM,0.06899
120,ZN,0
120,INDUS,25.65
120,CHAS,0.0
120,NOX,0.581
120,RM,5.87
120,AGE,69.7
120,DIS,2.2577
120,RAD,2
120,TAX,188
120,PTRATIO,19.1
120,B,389.15
120,LSTAT,14.37
121,CRIM,0.07165
121,ZN,0
121,INDUS,25.65
121,CHAS,0.0
121,NOX,0.581
121,RM,6.004
121,AGE,84.1
121,DIS,2.1974
121,RAD,2
121,TAX,188
121,PTRATIO,19.1
121,B,377.67
121,LSTAT,14.27
122,CRIM,0.09299
122,ZN,0
122,INDUS,25.65
122,CHAS,0.0
122,NOX,0.581
122,RM,5.961
122,AGE,92.9
122,DIS,2.0869
122,RAD,2
122,TAX,188
122,PTRATIO,19.1
122,B,378.09
122,LSTAT,17.93
123,CRIM,0.15038
123,ZN,0
123,INDUS,25.65
123,CHAS,0.0
123,NOX,0.581
123,RM,5.856
123,AGE,97.0
123,DIS,1.9444
123,RAD,2
123,TAX,188
123,PTRATIO,19.1
123,B,370.31
123,LSTAT,25.41
124,CRIM,0.09849
124,ZN,0
124,INDUS,25.65
124,CHAS,0.0
124,NOX,0.581
124,RM,5.879
124,AGE,95.8
124,DIS,2.0063
124,RAD,2
124,TAX,188
124,PTRATIO,19.1
124,B,379.38
124,LSTAT,17.58
125,CRIM,0.16902
125,ZN,0
125,INDUS,25.65
125,CHAS,0.0
125,NOX,0.581
125,RM,5.986
125,AGE,88.4
125,DIS,1.9929
125,RAD,2
125,TAX,188
125,PTRATIO,19.1
125,B,385.02
125,LSTAT,14.81
126,CRIM,0.38735
126,ZN,0
126,INDUS,25.65
126,CHAS,0.0
126,NOX,0.581
126,RM,5.613
126,AGE,95.6
126,DIS,1.7572
126,RAD,2
126,TAX,188
126,PTRATIO,19.1
126,B,359.29
126,LSTAT,27.26
127,CRIM,0.25915
127,ZN,0
127,INDUS,21.89
127,CHAS,0.0
127,NOX,0.624
127,RM,5.693
127,AGE,96.0
127,DIS,1.7883
127,RAD,4
127,TAX,437
127,PTRATIO,21.2
127,B,392.11
127,LSTAT,17.19
128,CRIM,0.32543
128,ZN,0
128,INDUS,21.89
128,CHAS,0.0
128,NOX,0.624
128,RM,6.431
128,AGE,98.8
128,DIS,1.8125
128,RAD,4
128,TAX,437
128,PTRATIO,21.2
128,B,396.9
128,LSTAT,15.39
129,CRIM,0.88125
129,ZN,0
129,INDUS,21.89
129,CHAS,0.0
129,NOX,0.624
129,RM,5.637
129,AGE,94.7
129,DIS,1.9799
129,RAD,4
129,TAX,437
129,PTRATIO,21.2
129,B,396.9
129,LSTAT,18.34
130,CRIM,0.34006
130,ZN,0
130,INDUS,21.89
130,CHAS,0.0
130,NOX,0.624
130,RM,6.458
130,AGE,98.9
130,DIS,2.1185
130,RAD,4
130,TAX,437
130,PTRATIO,21.2
130,B,395.04
130,LSTAT,12.6
131,CRIM,1.19294
131,ZN,0
131,INDUS,21.89
131,CHAS,0.0
131,NOX,0.624
131,RM,6.326
131,AGE,97.7
131,DIS,2.271
131,RAD,4
131,TAX,437
131,PTRATIO,21.2
131,B,396.9
131,LSTAT,12.26
132,CRIM,0.59005
132,ZN,0
132,INDUS,21.89
132,CHAS,0.0
132,NOX,0.624
132,RM,6.372
132,AGE,97.9
132,DIS,2.3274
132,RAD,4
132,TAX,437
132,PTRATIO,21.2
132,B,385.76
132,LSTAT,11.12
133,CRIM,0.32982
133,ZN,0
133,INDUS,21.89
133,CHAS,0.0
133,NOX,0.624
133,RM,5.822
133,AGE,95.4
133,DIS,2.4699
133,RAD,4
133,TAX,437
133,PTRATIO,21.2
133,B,388.69
133,LSTAT,15.03
134,CRIM,0.97617
134,ZN,0
134,INDUS,21.89
134,CHAS,0.0
134,NOX,0.624
134,RM,5.757
134,AGE,98.4
134,DIS,2.346
134,RAD,4
134,TAX,437
134,PTRATIO,21.2
134,B,262.76
134,LSTAT,17.31
135,CRIM,0.55778
135,ZN,0
135,INDUS,21.89
135,CHAS,0.0
135,NOX,0.624
135,RM,6.335
135,AGE,98.2
135,DIS,2.1107
135,RAD,4
135,TAX,437
135,PTRATIO,21.2
135,B,394.67
135,LSTAT,16.96
136,CRIM,0.32264
136,ZN,0
136,INDUS,21.89
136,CHAS,0.0
136,NOX,0.624
136,RM,5.942
136,AGE,93.5
136,DIS,1.9669
136,RAD,4
136,TAX,437
136,PTRATIO,21.2
136,B,378.25
136,LSTAT,16.9
137,CRIM,0.35233
137,ZN,0
137,INDUS,21.89
137,CHAS,0.0
137,NOX,0.624
137,RM,6.454
137,AGE,98.4
137,DIS,1.8498
137,RAD,4
137,TAX,437
137,PTRATIO,21.2
137,B,394.08
137,LSTAT,14.59
138,CRIM,0.2498
138,ZN,0
138,INDUS,21.89
138,CHAS,0.0
138,NOX,0.624
138,RM,5.857
138,AGE,98.2
138,DIS,1.6686
138,RAD,4
138,TAX,437
138,PTRATIO,21.2
138,B,392.04
138,LSTAT,21.32
139,CRIM,0.54452
139,ZN,0
139,INDUS,21.89
139,CHAS,0.0
139,NOX,0.624
139,RM,6.151
139,AGE,97.9
139,DIS,1.6687
139,RAD,4
139,TAX,437
139,PTRATIO,21.2
139,B,396.9
139,LSTAT,18.46
140,CRIM,0.2909
140,ZN,0
140,INDUS,21.89
140,CHAS,0.0
140,NOX,0.624
140,RM,6.174
140,AGE,93.6
140,DIS,1.6119
140,RAD,4
140,TAX,437
140,PTRATIO,21.2
140,B,388.08
140,LSTAT,24.16
141,CRIM,1.62864
141,ZN,0
141,INDUS,21.89
141,CHAS,0.0
141,NOX,0.624
141,RM,5.019
141,AGE,100.0
141,DIS,1.4394
141,RAD,4
141,TAX,437
141,PTRATIO,21.2
141,B,396.9
141,LSTAT,34.41
142,CRIM,3.32105
142,ZN,0
142,INDUS,19.58
142,CHAS,1.0
142,NOX,0.871
142,RM,5.403
142,AGE,100.0
142,DIS,1.3216
142,RAD,5
142,TAX,403
142,PTRATIO,14.7
142,B,396.9
142,LSTAT,26.82
143,CRIM,4.0974
143,ZN,0
143,INDUS,19.58
143,CHAS,0.0
143,NOX,0.871
143,RM,5.468
143,AGE,100.0
143,DIS,1.4118
143,RAD,5
143,TAX,403
143,PTRATIO,14.7
143,B,396.9
143,LSTAT,26.42
144,CRIM,2.77974
144,ZN,0
144,INDUS,19.58
144,CHAS,0.0
144,NOX,0.871
144,RM,4.903
144,AGE,97.8
144,DIS,1.3459
144,RAD,5
144,TAX,403
144,PTRATIO,14.7
144,B,396.9
144,LSTAT,29.29
145,CRIM,2.37934
145,ZN,0
145,INDUS,19.58
145,CHAS,0.0
145,NOX,0.871
145,RM,6.13
145,AGE,100.0
145,DIS,1.4191
145,RAD,5
145,TAX,403
145,PTRATIO,14.7
145,B,172.91
145,LSTAT,27.8
146,CRIM,2.15505
146,ZN,0
146,INDUS,19.58
146,CHAS,0.0
146,NOX,0.871
146,RM,5.628
146,AGE,100.0
146,DIS,1.5166
146,RAD,5
146,TAX,403
146,PTRATIO,14.7
146,B,169.27
146,LSTAT,16.65
147,CRIM,2.36862
147,ZN,0
147,INDUS,19.58
147,CHAS,0.0
147,NOX,0.871
147,RM,4.926
147,AGE,95.7
147,DIS,1.4608
147,RAD,5
147,TAX,403
147,PTRATIO,14.7
147,B,391.71
147,LSTAT,29.53
148,CRIM,2.33099
148,ZN,0
148,INDUS,19.58
148,CHAS,0.0
148,NOX,0.871
148,RM,5.186
148,AGE,93.8
148,DIS,1.5296
148,RAD,5
148,TAX,403
148,PTRATIO,14.7
148,B,356.99
148,LSTAT,28.32
149,CRIM,2.73397
149,ZN,0
149,INDUS,19.58
149,CHAS,0.0
149,NOX,0.871
149,RM,5.597
149,AGE,94.9
149,DIS,1.5257
149,RAD,5
149,TAX,403
149,PTRATIO,14.7
149,B,351.85
149,LSTAT,21.45
150,CRIM,1.6566
150,ZN,0
150,INDUS,19.58
150,CHAS,0.0
150,NOX,0.871
150,RM,6.122
150,AGE,97.3
150,DIS,1.618
150,RAD,5
150,TAX,403
150,PTRATIO,14.7
150,B,372.8
150,LSTAT,14.1
151,CRIM,1.49632
151,ZN,0
151,INDUS,19.58
151,CHAS,0.0
151,NOX,0.871
151,RM,5.404
151,AGE,100.0
151,DIS,1.5916
151,RAD,5
151,TAX,403
151,PTRATIO,14.7
151,B,341.6
151,LSTAT,13.28
152,CRIM,1.12658
152,ZN,0
152,INDUS,19.58
152,CHAS,1.0
152,NOX,0.871
152,RM,5.012
152,AGE,88.0
152,DIS,1.6102
152,RAD,5
152,TAX,403
152,PTRATIO,14.7
152,B,343.28
152,LSTAT,12.12
153,CRIM,2.14918
153,ZN,0
153,INDUS,19.58
153,CHAS,0.0
153,NOX,0.871
153,RM,5.709
153,AGE,98.5
153,DIS,1.6232
153,RAD,5
153,TAX,403
153,PTRATIO,14.7
153,B,261.95
153,LSTAT,15.79
154,CRIM,1.41385
154,ZN,0
154,INDUS,19.58
154,CHAS,1.0
154,NOX,0.871
154,RM,6.129
154,AGE,96.0
154,DIS,1.7494
154,RAD,5
154,TAX,403
154,PTRATIO,14.7
154,B,321.02
154,LSTAT,15.12
155,CRIM,3.53501
155,ZN,0
155,INDUS,19.58
155,CHAS,1.0
155,NOX,0.871
155,RM,6.152
155,AGE,82.6
155,DIS,1.7455
155,RAD,5
155,TAX,403
155,PTRATIO,14.7
155,B,88.01
155,LSTAT,15.02
156,CRIM,2.44668
156,ZN,0
156,INDUS,19.58
156,CHAS,0.0
156,NOX,0.871
156,RM,5.272
156,AGE,94.0
156,DIS,1.7364
156,RAD,5
156,TAX,403
156,PTRATIO,14.7
156,B,88.63
156,LSTAT,16.14
157,CRIM,1.22358
157,ZN,0
157,INDUS,19.58
157,CHAS,0.0
157,NOX,0.605
157,RM,6.943
157,AGE,97.4
157,DIS,1.8773
157,RAD,5
157,TAX,403
157,PTRATIO,14.7
157,B,363.43
157,LSTAT,4.59
158,CRIM,1.34284
158,ZN,0
158,INDUS,19.58
158,CHAS,0.0
158,NOX,0.605
158,RM,6.066
158,AGE,100.0
158,DIS,1.7573
158,RAD,5
158,TAX,403
158,PTRATIO,14.7
158,B,353.89
158,LSTAT,6.43
159,CRIM,1.42502
159,ZN,0
159,INDUS,19.58
159,CHAS,0.0
159,NOX,0.871
159,RM,6.51
159,AGE,100.0
159,DIS,1.7659
159,RAD,5
159,TAX,403
159,PTRATIO,14.7
159,B,364.31
159,LSTAT,7.39
160,CRIM,1.27346
160,ZN,0
160,INDUS,19.58
160,CHAS,1.0
160,NOX,0.605
160,RM,6.25
160,AGE,92.6
160,DIS,1.7984
160,RAD,5
160,TAX,403
160,PTRATIO,14.7
160,B,338.92
160,LSTAT,5.5
161,CRIM,1.46336
161,ZN,0
161,INDUS,19.58
161,CHAS,0.0
161,NOX,0.605
161,RM,7.489
161,AGE,90.8
161,DIS,1.9709
161,RAD,5
161,TAX,403
161,PTRATIO,14.7
161,B,374.43
161,LSTAT,1.73
162,CRIM,1.83377
162,ZN,0
162,INDUS,19.58
162,CHAS,1.0
162,NOX,0.605
162,RM,7.802
162,AGE,98.2
162,DIS,2.0407
162,RAD,5
162,TAX,403
162,PTRATIO,14.7
162,B,389.61
162,LSTAT,1.92
163,CRIM,1.51902
163,ZN,0
163,INDUS,19.58
163,CHAS,1.0
163,NOX,0.605
163,RM,8.375
163,AGE,93.9
163,DIS,2.162
163,RAD,5
163,TAX,403
163,PTRATIO,14.7
163,B,388.45
163,LSTAT,3.32
164,CRIM,2.24236
164,ZN,0
164,INDUS,19.58
164,CHAS,0.0
164,NOX,0.605
164,RM,5.854
164,AGE,91.8
164,DIS,2.422
164,RAD,5
164,TAX,403
164,PTRATIO,14.7
164,B,395.11
164,LSTAT,11.64
165,CRIM,2.924
165,ZN,0
165,INDUS,19.58
165,CHAS,0.0
165,NOX,0.605
165,RM,6.101
165,AGE,93.0
165,DIS,2.2834
165,RAD,5
165,TAX,403
165,PTRATIO,14.7
165,B,240.16
165,LSTAT,9.81
166,CRIM,2.01019
166,ZN,0
166,INDUS,19.58
166,CHAS,0.0
166,NOX,0.605
166,RM,7.929
166,AGE,96.2
166,DIS,2.0459
166,RAD,5
166,TAX,403
166,PTRATIO,14.7
166,B,369.3
166,LSTAT,3.7
167,CRIM,1.80028
167,ZN,0
167,INDUS,19.58
167,CHAS,0.0
167,NOX,0.605
167,RM,5.877
167,AGE,79.2
167,DIS,2.4259
167,RAD,5
167,TAX,403
167,PTRATIO,14.7
167,B,227.61
167,LSTAT,12.14
168,CRIM,2.3004
168,ZN,0
168,INDUS,19.58
168,CHAS,0.0
168,NOX,0.605
168,RM,6.319
168,AGE,96.1
168,DIS,2.1
168,RAD,5
168,TAX,403
168,PTRATIO,14.7
168,B,297.09
168,LSTAT,11.1
169,CRIM,2.44953
169,ZN,0
169,INDUS,19.58
169,CHAS,0.0
169,NOX,0.605
169,RM,6.402
169,AGE,95.2
169,DIS,2.2625
169,RAD,5
169,TAX,403
169,PTRATIO,14.7
169,B,330.04
169,LSTAT,11.32
170,CRIM,1.20742
170,ZN,0
170,INDUS,19.58
170,CHAS,0.0
170,NOX,0.605
170,RM,5.875
170,AGE,94.6
170,DIS,2.4259
170,RAD,5
170,TAX,403
170,PTRATIO,14.7
170,B,292.29
170,LSTAT,14.43
171,CRIM,2.3139
171,ZN,0
171,INDUS,19.58
171,CHAS,0.0
171,NOX,0.605
171,RM,5.88
171,AGE,97.3
171,DIS,2.3887
171,RAD,5
171,TAX,403
171,PTRATIO,14.7
171,B,348.13
171,LSTAT,12.03
172,CRIM,0.13914
172,ZN,0
172,INDUS,4.05
172,CHAS,0.0
172,NOX,0.51
172,RM,5.572
172,AGE,88.5
172,DIS,2.5961
172,RAD,5
172,TAX,296
172,PTRATIO,16.6
172,B,396.9
172,LSTAT,14.69
173,CRIM,0.09178
173,ZN,0
173,INDUS,4.05
173,CHAS,0.0
173,NOX,0.51
173,RM,6.416
173,AGE,84.1
173,DIS,2.6463
173,RAD,5
173,TAX,296
173,PTRATIO,16.6
173,B,395.5
173,LSTAT,9.04
174,CRIM,0.08447
174,ZN,0
174,INDUS,4.05
174,CHAS,0.0
174,NOX,0.51
174,RM,5.859
174,AGE,68.7
174,DIS,2.7019
174,RAD,5
174,TAX,296
174,PTRATIO,16.6
174,B,393.23
174,LSTAT,9.64
175,CRIM,0.06664
175,ZN,0
175,INDUS,4.05
175,CHAS,0.0
175,NOX,0.51
175,RM,6.546
175,AGE,33.1
175,DIS,3.1323
175,RAD,5
175,TAX,296
175,PTRATIO,16.6
175,B,390.96
175,LSTAT,5.33
176,CRIM,0.07022
176,ZN,0
176,INDUS,4.05
176,CHAS,0.0
176,NOX,0.51
176,RM,6.02
176,AGE,47.2
176,DIS,3.5549
176,RAD,5
176,TAX,296
176,PTRATIO,16.6
176,B,393.23
176,LSTAT,10.11
177,CRIM,0.05425
177,ZN,0
177,INDUS,4.05
177,CHAS,0.0
177,NOX,0.51
177,RM,6.315
177,AGE,73.4
177,DIS,3.3175
177,RAD,5
177,TAX,296
177,PTRATIO,16.6
177,B,395.6
177,LSTAT,6.29
178,CRIM,0.06642
178,ZN,0
178,INDUS,4.05
178,CHAS,0.0
178,NOX,0.51
178,RM,6.86
178,AGE,74.4
178,DIS,2.9153
178,RAD,5
178,TAX,296
178,PTRATIO,16.6
178,B,391.27
178,LSTAT,6.92
179,CRIM,0.0578
179,ZN,0
179,INDUS,2.46
179,CHAS,0.0
179,NOX,0.488
179,RM,6.98
179,AGE,58.4
179,DIS,2.829
179,RAD,3
179,TAX,193
179,PTRATIO,17.8
179,B,396.9
179,LSTAT,5.04
180,CRIM,0.06588
180,ZN,0
180,INDUS,2.46
180,CHAS,0.0
180,NOX,0.488
180,RM,7.765
180,AGE,83.3
180,DIS,2.741
180,RAD,3
180,TAX,193
180,PTRATIO,17.8
180,B,395.56
180,LSTAT,7.56
181,CRIM,0.06888
181,ZN,0
181,INDUS,2.46
181,CHAS,0.0
181,NOX,0.488
181,RM,6.144
181,AGE,62.2
181,DIS,2.5979
181,RAD,3
181,TAX,193
181,PTRATIO,17.8
181,B,396.9
181,LSTAT,9.45
182,CRIM,0.09103
182,ZN,0
182,INDUS,2.46
182,CHAS,0.0
182,NOX,0.488
182,RM,7.155
182,AGE,92.2
182,DIS,2.7006
182,RAD,3
182,TAX,193
182,PTRATIO,17.8
182,B,394.12
182,LSTAT,4.82
183,CRIM,0.10008
183,ZN,0
183,INDUS,2.46
183,CHAS,0.0
183,NOX,0.488
183,RM,6.563
183,AGE,95.6
183,DIS,2.847
183,RAD,3
183,TAX,193
183,PTRATIO,17.8
183,B,396.9
183,LSTAT,5.68
184,CRIM,0.08308
184,ZN,0
184,INDUS,2.46
184,CHAS,0.0
184,NOX,0.488
184,RM,5.604
184,AGE,89.8
184,DIS,2.9879
184,RAD,3
184,TAX,193
184,PTRATIO,17.8
184,B,391.0
184,LSTAT,13.98
185,CRIM,0.06047
185,ZN,0
185,INDUS,2.46
185,CHAS,0.0
185,NOX,0.488
185,RM,6.153
185,AGE,68.8
185,DIS,3.2797
185,RAD,3
185,TAX,193
185,PTRATIO,17.8
185,B,387.11
185,LSTAT,13.15
186,CRIM,0.05602
186,ZN,0
186,INDUS,2.46
186,CHAS,0.0
186,NOX,0.488
186,RM,7.831
186,AGE,53.6
186,DIS,3.1992
186,RAD,3
186,TAX,193
186,PTRATIO,17.8
186,B,392.63
186,LSTAT,4.45
187,CRIM,0.07875
187,ZN,45
187,INDUS,3.44
187,CHAS,0.0
187,NOX,0.437
187,RM,6.782
187,AGE,41.1
187,DIS,3.7886
187,RAD,5
187,TAX,398
187,PTRATIO,15.2
187,B,393.87
187,LSTAT,6.68
188,CRIM,0.12579
188,ZN,45
188,INDUS,3.44
188,CHAS,0.0
188,NOX,0.437
188,RM,6.556
188,AGE,29.1
188,DIS,4.5667
188,RAD,5
188,TAX,398
188,PTRATIO,15.2
188,B,382.84
188,LSTAT,4.56
189,CRIM,0.0837
189,ZN,45
189,INDUS,3.44
189,CHAS,0.0
189,NOX,0.437
189,RM,7.185
189,AGE,38.9
189,DIS,4.5667
189,RAD,5
189,TAX,398
189,PTRATIO,15.2
189,B,396.9
189,LSTAT,5.39
190,CRIM,0.09068
190,ZN,45
190,INDUS,3.44
190,CHAS,0.0
190,NOX,0.437
190,RM,6.951
190,AGE,21.5
190,DIS,6.4798
190,RAD,5
190,TAX,398
190,PTRATIO,15.2
190,B,377.68
190,LSTAT,5.1
191,CRIM,0.06911
191,ZN,45
191,INDUS,3.44
191,CHAS,0.0
191,NOX,0.437
191,RM,6.739
191,AGE,30.8
191,DIS,6.4798
191,RAD,5
191,TAX,398
191,PTRATIO,15.2
191,B,389.71
191,LSTAT,4.69
192,CRIM,0.08664
192,ZN,45
192,INDUS,3.44
192,CHAS,0.0
192,NOX,0.437
192,RM,7.178
192,AGE,26.3
192,DIS,6.4798
192,RAD,5
192,TAX,398
192,PTRATIO,15.2
192,B,390.49
192,LSTAT,2.87
193,CRIM,0.02187
193,ZN,60
193,INDUS,2.93
193,CHAS,0.0
193,NOX,0.401
193,RM,6.8
193,AGE,9.9
193,DIS,6.2196
193,RAD,1
193,TAX,265
193,PTRATIO,15.6
193,B,393.37
193,LSTAT,5.03
194,CRIM,0.01439
194,ZN,60
194,INDUS,2.93
194,CHAS,0.0
194,NOX,0.401
194,RM,6.604
194,AGE,18.8
194,DIS,6.2196
194,RAD,1
194,TAX,265
194,PTRATIO,15.6
194,B,376.7
194,LSTAT,4.38
195,CRIM,0.01381
195,ZN,80
195,INDUS,0.46
195,CHAS,0.0
195,NOX,0.422
195,RM,7.875
195,AGE,32.0
195,DIS,5.6484
195,RAD,4
195,TAX,255
195,PTRATIO,14.4
195,B,394.23
195,LSTAT,2.97
196,CRIM,0.04011
196,ZN,80
196,INDUS,1.52
196,CHAS,0.0
196,NOX,0.404
196,RM,7.287
196,AGE,34.1
196,DIS,7.309
196,RAD,2
196,TAX,329
196,PTRATIO,12.6
196,B,396.9
196,LSTAT,4.08
197,CRIM,0.04666
197,ZN,80
197,INDUS,1.52
197,CHAS,0.0
197,NOX,0.404
197,RM,7.107
197,AGE,36.6
197,DIS,7.309
197,RAD,2
197,TAX,329
197,PTRATIO,12.6
197,B,354.31
197,LSTAT,8.61
198,CRIM,0.03768
198,ZN,80
198,INDUS,1.52
198,CHAS,0.0
198,NOX,0.404
198,RM,7.274
198,AGE,38.3
198,DIS,7.309
198,RAD,2
198,TAX,329
198,PTRATIO,12.6
198,B,392.2
198,LSTAT,6.62
199,CRIM,0.0315
199,ZN,95
199,INDUS,1.47
199,CHAS,0.0
199,NOX,0.403
199,RM,6.975
199,AGE,15.3
199,DIS,7.6534
199,RAD,3
199,TAX,402
199,PTRATIO,17.0
199,B,396.9
199,LSTAT,4.56
200,CRIM,0.01778
200,ZN,95
200,INDUS,1.47
200,CHAS,0.0
200,NOX,0.403
200,RM,7.135
200,AGE,13.9
200,DIS,7.6534
200,RAD,3
200,TAX,402
200,PTRATIO,17.0
200,B,384.3
200,LSTAT,4.45
201,CRIM,0.03445
201,ZN,82
201,INDUS,2.03
201,CHAS,0.0
201,NOX,0.415
201,RM,6.162
201,AGE,38.4
201,DIS,6.27
201,RAD,2
201,TAX,348
201,PTRATIO,14.7
201,B,393.77
201,LSTAT,7.43
202,CRIM,0.02177
202,ZN,82
202,INDUS,2.03
202,CHAS,0.0
202,NOX,0.415
202,RM,7.61
202,AGE,15.7
202,DIS,6.27
202,RAD,2
202,TAX,348
202,PTRATIO,14.7
202,B,395.38
202,LSTAT,3.11
203,CRIM,0.0351
203,ZN,95
203,INDUS,2.68
203,CHAS,0.0
203,NOX,0.4161
203,RM,7.853
203,AGE,33.2
203,DIS,5.118
203,RAD,4
203,TAX,224
203,PTRATIO,14.7
203,B,392.78
203,LSTAT,3.81
204,CRIM,0.02009
204,ZN,95
204,INDUS,2.68
204,CHAS,0.0
204,NOX,0.4161
204,RM,8.034
204,AGE,31.9
204,DIS,5.118
204,RAD,4
204,TAX,224
204,PTRATIO,14.7
204,B,390.55
204,LSTAT,2.88
205,CRIM,0.13642
205,ZN,0
205,INDUS,10.59
205,CHAS,0.0
205,NOX,0.489
205,RM,5.891
205,AGE,22.3
205,DIS,3.9454
205,RAD,4
205,TAX,277
205,PTRATIO,18.6
205,B,396.9
205,LSTAT,10.87
206,CRIM,0.22969
206,ZN,0
206,INDUS,10.59
206,CHAS,0.0
206,NOX,0.489
206,RM,6.326
206,AGE,52.5
206,DIS,4.3549
206,RAD,4
206,TAX,277
206,PTRATIO,18.6
206,B,394.87
206,LSTAT,10.97
207,CRIM,0.25199
207,ZN,0
207,INDUS,10.59
207,CHAS,0.0
207,NOX,0.489
207,RM,5.783
207,AGE,72.7
207,DIS,4.3549
207,RAD,4
207,TAX,277
207,PTRATIO,18.6
207,B,389.43
207,LSTAT,18.06
208,CRIM,0.13587
208,ZN,0
208,INDUS,10.59
208,CHAS,1.0
208,NOX,0.489
208,RM,6.064
208,AGE,59.1
208,DIS,4.2392
208,RAD,4
208,TAX,277
208,PTRATIO,18.6
208,B,381.32
208,LSTAT,14.66
209,CRIM,0.43571
209,ZN,0
209,INDUS,10.59
209,CHAS,1.0
209,NOX,0.489
209,RM,5.344
209,AGE,100.0
209,DIS,3.875
209,RAD,4
209,TAX,277
209,PTRATIO,18.6
209,B,396.9
209,LSTAT,23.09
210,CRIM,0.17446
210,ZN,0
210,INDUS,10.59
210,CHAS,1.0
210,NOX,0.489
210,RM,5.96
210,AGE,92.1
210,DIS,3.8771
210,RAD,4
210,TAX,277
210,PTRATIO,18.6
210,B,393.25
210,LSTAT,17.27
211,CRIM,0.37578
211,ZN,0
211,INDUS,10.59
211,CHAS,1.0
211,NOX,0.489
211,RM,5.404
211,AGE,88.6
211,DIS,3.665
211,RAD,4
211,TAX,277
211,PTRATIO,18.6
211,B,395.24
211,LSTAT,23.98
212,CRIM,0.21719
212,ZN,0
212,INDUS,10.59
212,CHAS,1.0
212,NOX,0.489
212,RM,5.807
212,AGE,53.8
212,DIS,3.6526
212,RAD,4
212,TAX,277
212,PTRATIO,18.6
212,B,390.94
212,LSTAT,16.03
213,CRIM,0.14052
213,ZN,0
213,INDUS,10.59
213,CHAS,0.0
213,NOX,0.489
213,RM,6.375
213,AGE,32.3
213,DIS,3.9454
213,RAD,4
213,TAX,277
213,PTRATIO,18.6
213,B,385.81
213,LSTAT,9.38
214,CRIM,0.28955
214,ZN,0
214,INDUS,10.59
214,CHAS,0.0
214,NOX,0.489
214,RM,5.412
214,AGE,9.8
214,DIS,3.5875
214,RAD,4
214,TAX,277
214,PTRATIO,18.6
214,B,348.93
214,LSTAT,29.55
215,CRIM,0.19802
215,ZN,0
215,INDUS,10.59
215,CHAS,0.0
215,NOX,0.489
215,RM,6.182
215,AGE,42.4
215,DIS,3.9454
215,RAD,4
215,TAX,277
215,PTRATIO,18.6
215,B,393.63
215,LSTAT,9.47
216,CRIM,0.0456
216,ZN,0
216,INDUS,13.89
216,CHAS,1.0
216,NOX,0.55
216,RM,5.888
216,AGE,56.0
216,DIS,3.1121
216,RAD,5
216,TAX,276
216,PTRATIO,16.4
216,B,392.8
216,LSTAT,13.51
217,CRIM,0.07013
217,ZN,0
217,INDUS,13.89
217,CHAS,0.0
217,NOX,0.55
217,RM,6.642
217,AGE,85.1
217,DIS,3.4211
217,RAD,5
217,TAX,276
217,PTRATIO,16.4
217,B,392.78
217,LSTAT,9.69
218,CRIM,0.11069
218,ZN,0
218,INDUS,13.89
218,CHAS,1.0
218,NOX,0.55
218,RM,5.951
218,AGE,93.8
218,DIS,2.8893
218,RAD,5
218,TAX,276
218,PTRATIO,16.4
218,B,396.9
218,LSTAT,17.92
219,CRIM,0.11425
219,ZN,0
219,INDUS,13.89
219,CHAS,1.0
219,NOX,0.55
219,RM,6.373
219,AGE,92.4
219,DIS,3.3633
219,RAD,5
219,TAX,276
219,PTRATIO,16.4
219,B,393.74
219,LSTAT,10.5
220,CRIM,0.35809
220,ZN,0
220,INDUS,6.2
220,CHAS,1.0
220,NOX,0.507
220,RM,6.951
220,AGE,88.5
220,DIS,2.8617
220,RAD,8
220,TAX,307
220,PTRATIO,17.4
220,B,391.7
220,LSTAT,9.71
221,CRIM,0.40771
221,ZN,0
221,INDUS,6.2
221,CHAS,1.0
221,NOX,0.507
221,RM,6.164
221,AGE,91.3
221,DIS,3.048
221,RAD,8
221,TAX,307
221,PTRATIO,17.4
221,B,395.24
221,LSTAT,21.46
222,CRIM,0.62356
222,ZN,0
222,INDUS,6.2
222,CHAS,1.0
222,NOX,0.507
222,RM,6.879
222,AGE,77.7
222,DIS,3.2721
222,RAD,8
222,TAX,307
222,PTRATIO,17.4
222,B,390.39
222,LSTAT,9.93
223,CRIM,0.6147
223,ZN,0
223,INDUS,6.2
223,CHAS,0.0
223,NOX,0.507
223,RM,6.618
223,AGE,80.8
223,DIS,3.2721
223,RAD,8
223,TAX,307
223,PTRATIO,17.4
223,B,396.9
223,LSTAT,7.6
224,CRIM,0.31533
224,ZN,0
224,INDUS,6.2
224,CHAS,0.0
224,NOX,0.504
224,RM,8.266
224,AGE,78.3
224,DIS,2.8944
224,RAD,8
224,TAX,307
224,PTRATIO,17.4
224,B,385.05
224,LSTAT,4.14
225,CRIM,0.52693
225,ZN,0
225,INDUS,6.2
225,CHAS,0.0
225,NOX,0.504
225,RM,8.725
225,AGE,83.0
225,DIS,2.8944
225,RAD,8
225,TAX,307
225,PTRATIO,17.4
225,B,382.0
225,LSTAT,4.63
226,CRIM,0.38214
226,ZN,0
226,INDUS,6.2
226,CHAS,0.0
226,NOX,0.504
226,RM,8.04
226,AGE,86.5
226,DIS,3.2157
226,RAD,8
226,TAX,307
226,PTRATIO,17.4
226,B,387.38
226,LSTAT,3.13
227,CRIM,0.41238
227,ZN,0
227,INDUS,6.2
227,CHAS,0.0
227,NOX,0.504
227,RM,7.163
227,AGE,79.9
227,DIS,3.2157
227,RAD,8
227,TAX,307
227,PTRATIO,17.4
227,B,372.08
227,LSTAT,6.36
228,CRIM,0.29819
228,ZN,0
228,INDUS,6.2
228,CHAS,0.0
228,NOX,0.504
228,RM,7.686
228,AGE,17.0
228,DIS,3.3751
228,RAD,8
228,TAX,307
228,PTRATIO,17.4
228,B,377.51
228,LSTAT,3.92
229,CRIM,0.44178
229,ZN,0
229,INDUS,6.2
229,CHAS,0.0
229,NOX,0.504
229,RM,6.552
229,AGE,21.4
229,DIS,3.3751
229,RAD,8
229,TAX,307
229,PTRATIO,17.4
229,B,380.34
229,LSTAT,3.76
230,CRIM,0.537
230,ZN,0
230,INDUS,6.2
230,CHAS,0.0
230,NOX,0.504
230,RM,5.981
230,AGE,68.1
230,DIS,3.6715
230,RAD,8
230,TAX,307
230,PTRATIO,17.4
230,B,378.35
230,LSTAT,11.65
231,CRIM,0.46296
231,ZN,0
231,INDUS,6.2
231,CHAS,0.0
231,NOX,0.504
231,RM,7.412
231,AGE,76.9
231,DIS,3.6715
231,RAD,8
231,TAX,307
231,PTRATIO,17.4
231,B,376.14
231,LSTAT,5.25
232,CRIM,0.57529
232,ZN,0
232,INDUS,6.2
232,CHAS,0.0
232,NOX,0.507
232,RM,8.337
232,AGE,73.3
232,DIS,3.8384
232,RAD,8
232,TAX,307
232,PTRATIO,17.4
232,B,385.91
232,LSTAT,2.47
233,CRIM,0.33147
233,ZN,0
233,INDUS,6.2
233,CHAS,0.0
233,NOX,0.507
233,RM,8.247
233,AGE,70.4
233,DIS,3.6519
233,RAD,8
233,TAX,307
233,PTRATIO,17.4
233,B,378.95
233,LSTAT,3.95
234,CRIM,0.44791
234,ZN,0
234,INDUS,6.2
234,CHAS,1.0
234,NOX,0.507
234,RM,6.726
234,AGE,66.5
234,DIS,3.6519
234,RAD,8
234,TAX,307
234,PTRATIO,17.4
234,B,360.2
234,LSTAT,8.05
235,CRIM,0.33045
235,ZN,0
235,INDUS,6.2
235,CHAS,0.0
235,NOX,0.507
235,RM,6.086
235,AGE,61.5
235,DIS,3.6519
235,RAD,8
235,TAX,307
235,PTRATIO,17.4
235,B,376.75
235,LSTAT,10.88
236,CRIM,0.52058
236,ZN,0
236,INDUS,6.2
236,CHAS,1.0
236,NOX,0.507
236,RM,6.631
236,AGE,76.5
236,DIS,4.148
236,RAD,8
236,TAX,307
236,PTRATIO,17.4
236,B,388.45
236,LSTAT,9.54
237,CRIM,0.51183
237,ZN,0
237,INDUS,6.2
237,CHAS,0.0
237,NOX,0.507
237,RM,7.358
237,AGE,71.6
237,DIS,4.148
237,RAD,8
237,TAX,307
237,PTRATIO,17.4
237,B,390.07
237,LSTAT,4.73
238,CRIM,0.08244
238,ZN,30
238,INDUS,4.93
238,CHAS,0.0
238,NOX,0.428
238,RM,6.481
238,AGE,18.5
238,DIS,6.1899
238,RAD,6
238,TAX,300
238,PTRATIO,16.6
238,B,379.41
238,LSTAT,6.36
239,CRIM,0.09252
239,ZN,30
239,INDUS,4.93
239,CHAS,0.0
239,NOX,0.428
239,RM,6.606
239,AGE,42.2
239,DIS,6.1899
239,RAD,6
239,TAX,300
239,PTRATIO,16.6
239,B,383.78
239,LSTAT,7.37
240,CRIM,0.11329
240,ZN,30
240,INDUS,4.93
240,CHAS,0.0
240,NOX,0.428
240,RM,6.897
240,AGE,54.3
240,DIS,6.3361
240,RAD,6
240,TAX,300
240,PTRATIO,16.6
240,B,391.25
240,LSTAT,11.38
241,CRIM,0.10612
241,ZN,30
241,INDUS,4.93
241,CHAS,0.0
241,NOX,0.428
241,RM,6.095
241,AGE,65.1
241,DIS,6.3361
241,RAD,6
241,TAX,300
241,PTRATIO,16.6
241,B,394.62
241,LSTAT,12.4
242,CRIM,0.1029
242,ZN,30
242,INDUS,4.93
242,CHAS,0.0
242,NOX,0.428
242,RM,6.358
242,AGE,52.9
242,DIS,7.0355
242,RAD,6
242,TAX,300
242,PTRATIO,16.6
242,B,372.75
242,LSTAT,11.22
243,CRIM,0.12757
243,ZN,30
243,INDUS,4.93
243,CHAS,0.0
243,NOX,0.428
243,RM,6.393
243,AGE,7.8
243,DIS,7.0355
243,RAD,6
243,TAX,300
243,PTRATIO,16.6
243,B,374.71
243,LSTAT,5.19
244,CRIM,0.20608
244,ZN,22
244,INDUS,5.86
244,CHAS,0.0
244,NOX,0.431
244,RM,5.593
244,AGE,76.5
244,DIS,7.9549
244,RAD,7
244,TAX,330
244,PTRATIO,19.1
244,B,372.49
244,LSTAT,12.5
245,CRIM,0.19133
245,ZN,22
245,INDUS,5.86
245,CHAS,0.0
245,NOX,0.431
245,RM,5.605
245,AGE,70.2
245,DIS,7.9549
245,RAD,7
245,TAX,330
245,PTRATIO,19.1
245,B,389.13
245,LSTAT,18.46
246,CRIM,0.33983
246,ZN,22
246,INDUS,5.86
246,CHAS,0.0
246,NOX,0.431
246,RM,6.108
246,AGE,34.9
246,DIS,8.0555
246,RAD,7
246,TAX,330
246,PTRATIO,19.1
246,B,390.18
246,LSTAT,9.16
247,CRIM,0.19657
247,ZN,22
247,INDUS,5.86
247,CHAS,0.0
247,NOX,0.431
247,RM,6.226
247,AGE,79.2
247,DIS,8.0555
247,RAD,7
247,TAX,330
247,PTRATIO,19.1
247,B,376.14
247,LSTAT,10.15
248,CRIM,0.16439
248,ZN,22
248,INDUS,5.86
248,CHAS,0.0
248,NOX,0.431
248,RM,6.433
248,AGE,49.1
248,DIS,7.8265
248,RAD,7
248,TAX,330
248,PTRATIO,19.1
248,B,374.71
248,LSTAT,9.52
249,CRIM,0.19073
249,ZN,22
249,INDUS,5.86
249,CHAS,0.0
249,NOX,0.431
249,RM,6.718
249,AGE,17.5
249,DIS,7.8265
249,RAD,7
249,TAX,330
249,PTRATIO,19.1
249,B,393.74
249,LSTAT,6.56
250,CRIM,0.1403
250,ZN,22
250,INDUS,5.86
250,CHAS,0.0
250,NOX,0.431
250,RM,6.487
250,AGE,13.0
250,DIS,7.3967
250,RAD,7
250,TAX,330
250,PTRATIO,19.1
250,B,396.28
250,LSTAT,5.9
251,CRIM,0.21409
251,ZN,22
251,INDUS,5.86
251,CHAS,0.0
251,NOX,0.431
251,RM,6.438
251,AGE,8.9
251,DIS,7.3967
251,RAD,7
251,TAX,330
251,PTRATIO,19.1
251,B,377.07
251,LSTAT,3.59
252,CRIM,0.08221
252,ZN,22
252,INDUS,5.86
252,CHAS,0.0
252,NOX,0.431
252,RM,6.957
252,AGE,6.8
252,DIS,8.9067
252,RAD,7
252,TAX,330
252,PTRATIO,19.1
252,B,386.09
252,LSTAT,3.53
253,CRIM,0.36894
253,ZN,22
253,INDUS,5.86
253,CHAS,0.0
253,NOX,0.431
253,RM,8.259
253,AGE,8.4
253,DIS,8.9067
253,RAD,7
253,TAX,330
253,PTRATIO,19.1
253,B,396.9
253,LSTAT,3.54
254,CRIM,0.04819
254,ZN,80
254,INDUS,3.64
254,CHAS,0.0
254,NOX,0.392
254,RM,6.108
254,AGE,32.0
254,DIS,9.2203
254,RAD,1
254,TAX,315
254,PTRATIO,16.4
254,B,392.89
254,LSTAT,6.57
255,CRIM,0.03548
255,ZN,80
255,INDUS,3.64
255,CHAS,0.0
255,NOX,0.392
255,RM,5.876
255,AGE,19.1
255,DIS,9.2203
255,RAD,1
255,TAX,315
255,PTRATIO,16.4
255,B,395.18
255,LSTAT,9.25
256,CRIM,0.01538
256,ZN,90
256,INDUS,3.75
256,CHAS,0.0
256,NOX,0.394
256,RM,7.454
256,AGE,34.2
256,DIS,6.3361
256,RAD,3
256,TAX,244
256,PTRATIO,15.9
256,B,386.34
256,LSTAT,3.11
257,CRIM,0.61154
257,ZN,20
257,INDUS,3.97
257,CHAS,0.0
257,NOX,0.647
257,RM,8.704
257,AGE,86.9
257,DIS,1.801
257,RAD,5
257,TAX,264
257,PTRATIO,13.0
257,B,389.7
257,LSTAT,5.12
258,CRIM,0.66351
258,ZN,20
258,INDUS,3.97
258,CHAS,0.0
258,NOX,0.647
258,RM,7.333
258,AGE,100.0
258,DIS,1.8946
258,RAD,5
258,TAX,264
258,PTRATIO,13.0
258,B,383.29
258,LSTAT,7.79
259,CRIM,0.65665
259,ZN,20
259,INDUS,3.97
259,CHAS,0.0
259,NOX,0.647
259,RM,6.842
259,AGE,100.0
259,DIS,2.0107
259,RAD,5
259,TAX,264
259,PTRATIO,13.0
259,B,391.93
259,LSTAT,6.9
260,CRIM,0.54011
260,ZN,20
260,INDUS,3.97
260,CHAS,0.0
260,NOX,0.647
260,RM,7.203
260,AGE,81.8
260,DIS,2.1121
260,RAD,5
260,TAX,264
260,PTRATIO,13.0
260,B,392.8
260,LSTAT,9.59
261,CRIM,0.53412
261,ZN,20
261,INDUS,3.97
261,CHAS,0.0
261,NOX,0.647
261,RM,7.52
261,AGE,89.4
261,DIS,2.1398
261,RAD,5
261,TAX,264
261,PTRATIO,13.0
261,B,388.37
261,LSTAT,7.26
262,CRIM,0.52014
262,ZN,20
262,INDUS,3.97
262,CHAS,0.0
262,NOX,0.647
262,RM,8.398
262,AGE,91.5
262,DIS,2.2885
262,RAD,5
262,TAX,264
262,PTRATIO,13.0
262,B,386.86
262,LSTAT,5.91
263,CRIM,0.82526
263,ZN,20
263,INDUS,3.97
263,CHAS,0.0
263,NOX,0.647
263,RM,7.327
263,AGE,94.5
263,DIS,2.0788
263,RAD,5
263,TAX,264
263,PTRATIO,13.0
263,B,393.42
263,LSTAT,11.25
264,CRIM,0.55007
264,ZN,20
264,INDUS,3.97
264,CHAS,0.0
264,NOX,0.647
264,RM,7.206
264,AGE,91.6
264,DIS,1.9301
264,RAD,5
264,TAX,264
264,PTRATIO,13.0
264,B,387.89
264,LSTAT,8.1
265,CRIM,0.76162
265,ZN,20
265,INDUS,3.97
265,CHAS,0.0
265,NOX,0.647
265,RM,5.56
265,AGE,62.8
265,DIS,1.9865
265,RAD,5
265,TAX,264
265,PTRATIO,13.0
265,B,392.4
265,LSTAT,10.45
266,CRIM,0.7857
266,ZN,20
266,INDUS,3.97
266,CHAS,0.0
266,NOX,0.647
266,RM,7.014
266,AGE,84.6
266,DIS,2.1329
266,RAD,5
266,TAX,264
266,PTRATIO,13.0
266,B,384.07
266,LSTAT,14.79
267,CRIM,0.57834
267,ZN,20
267,INDUS,3.97
267,CHAS,0.0
267,NOX,0.575
267,RM,8.297
267,AGE,67.0
267,DIS,2.4216
267,RAD,5
267,TAX,264
267,PTRATIO,13.0
267,B,384.54
267,LSTAT,7.44
268,CRIM,0.5405
268,ZN,20
268,INDUS,3.97
268,CHAS,0.0
268,NOX,0.575
268,RM,7.47
268,AGE,52.6
268,DIS,2.872
268,RAD,5
268,TAX,264
268,PTRATIO,13.0
268,B,390.3
268,LSTAT,3.16
269,CRIM,0.09065
269,ZN,20
269,INDUS,6.96
269,CHAS,1.0
269,NOX,0.464
269,RM,5.92
269,AGE,61.5
269,DIS,3.9175
269,RAD,3
269,TAX,223
269,PTRATIO,18.6
269,B,391.34
269,LSTAT,13.65
270,CRIM,0.29916
270,ZN,20
270,INDUS,6.96
270,CHAS,0.0
270,NOX,0.464
270,RM,5.856
270,AGE,42.1
270,DIS,4.429
270,RAD,3
270,TAX,223
270,PTRATIO,18.6
270,B,388.65
270,LSTAT,13.0
271,CRIM,0.16211
271,ZN,20
271,INDUS,6.96
271,CHAS,0.0
271,NOX,0.464
271,RM,6.24
271,AGE,16.3
271,DIS,4.429
271,RAD,3
271,TAX,223
271,PTRATIO,18.6
271,B,396.9
271,LSTAT,6.59
272,CRIM,0.1146
272,ZN,20
272,INDUS,6.96
272,CHAS,0.0
272,NOX,0.464
272,RM,6.538
272,AGE,58.7
272,DIS,3.9175
272,RAD,3
272,TAX,223
272,PTRATIO,18.6
272,B,394.96
272,LSTAT,7.73
273,CRIM,0.22188
273,ZN,20
273,INDUS,6.96
273,CHAS,1.0
273,NOX,0.464
273,RM,7.691
273,AGE,51.8
273,DIS,4.3665
273,RAD,3
273,TAX,223
273,PTRATIO,18.6
273,B,390.77
273,LSTAT,6.58
274,CRIM,0.05644
274,ZN,40
274,INDUS,6.41
274,CHAS,1.0
274,NOX,0.447
274,RM,6.758
274,AGE,32.9
274,DIS,4.0776
274,RAD,4
274,TAX,254
274,PTRATIO,17.6
274,B,396.9
274,LSTAT,3.53
275,CRIM,0.09604
275,ZN,40
275,INDUS,6.41
275,CHAS,0.0
275,NOX,0.447
275,RM,6.854
275,AGE,42.8
275,DIS,4.2673
275,RAD,4
275,TAX,254
275,PTRATIO,17.6
275,B,396.9
275,LSTAT,2.98
276,CRIM,0.10469
276,ZN,40
276,INDUS,6.41
276,CHAS,1.0
276,NOX,0.447
276,RM,7.267
276,AGE,49.0
276,DIS,4.7872
276,RAD,4
276,TAX,254
276,PTRATIO,17.6
276,B,389.25
276,LSTAT,6.05
277,CRIM,0.06127
277,ZN,40
277,INDUS,6.41
277,CHAS,1.0
277,NOX,0.447
277,RM,6.826
277,AGE,27.6
277,DIS,4.8628
277,RAD,4
277,TAX,254
277,PTRATIO,17.6
277,B,393.45
277,LSTAT,4.16
278,CRIM,0.07978
278,ZN,40
278,INDUS,6.41
278,CHAS,0.0
278,NOX,0.447
278,RM,6.482
278,AGE,32.1
278,DIS,4.1403
278,RAD,4
278,TAX,254
278,PTRATIO,17.6
278,B,396.9
278,LSTAT,7.19
279,CRIM,0.21038
279,ZN,20
279,INDUS,3.33
279,CHAS,0.0
279,NOX,0.4429
279,RM,6.812
279,AGE,32.2
279,DIS,4.1007
279,RAD,5
279,TAX,216
279,PTRATIO,14.9
279,B,396.9
279,LSTAT,4.85
280,CRIM,0.03578
280,ZN,20
280,INDUS,3.33
280,CHAS,0.0
280,NOX,0.4429
280,RM,7.82
280,AGE,64.5
280,DIS,4.6947
280,RAD,5
280,TAX,216
280,PTRATIO,14.9
280,B,387.31
280,LSTAT,3.76
281,CRIM,0.03705
281,ZN,20
281,INDUS,3.33
281,CHAS,0.0
281,NOX,0.4429
281,RM,6.968
281,AGE,37.2
281,DIS,5.2447
281,RAD,5
281,TAX,216
281,PTRATIO,14.9
281,B,392.23
281,LSTAT,4.59
282,CRIM,0.06129
282,ZN,20
282,INDUS,3.33
282,CHAS,1.0
282,NOX,0.4429
282,RM,7.645
282,AGE,49.7
282,DIS,5.2119
282,RAD,5
282,TAX,216
282,PTRATIO,14.9
282,B,377.07
282,LSTAT,3.01
283,CRIM,0.01501
283,ZN,90
283,INDUS,1.21
283,CHAS,1.0
283,NOX,0.401
283,RM,7.923
283,AGE,24.8
283,DIS,5.885
283,RAD,1
283,TAX,198
283,PTRATIO,13.6
283,B,395.52
283,LSTAT,3.16
284,CRIM,0.00906
284,ZN,90
284,INDUS,2.97
284,CHAS,0.0
284,NOX,0.4
284,RM,7.088
284,AGE,20.8
284,DIS,7.3073
284,RAD,1
284,TAX,285
284,PTRATIO,15.3
284,B,394.72
284,LSTAT,7.85
285,CRIM,0.01096
285,ZN,55
285,INDUS,2.25
285,CHAS,0.0
285,NOX,0.389
285,RM,6.453
285,AGE,31.9
285,DIS,7.3073
285,RAD,1
285,TAX,300
285,PTRATIO,15.3
285,B,394.72
285,LSTAT,8.23
286,CRIM,0.01965
286,ZN,80
286,INDUS,1.76
286,CHAS,0.0
286,NOX,0.385
286,RM,6.23
286,AGE,31.5
286,DIS,9.0892
286,RAD,1
286,TAX,241
286,PTRATIO,18.2
286,B,341.6
286,LSTAT,12.93
287,CRIM,0.03871
287,ZN,52
287,INDUS,5.32
287,CHAS,0.0
287,NOX,0.405
287,RM,6.209
287,AGE,31.3
287,DIS,7.3172
287,RAD,6
287,TAX,293
287,PTRATIO,16.6
287,B,396.9
287,LSTAT,7.14
288,CRIM,0.0459
288,ZN,52
288,INDUS,5.32
288,CHAS,0.0
288,NOX,0.405
288,RM,6.315
288,AGE,45.6
288,DIS,7.3172
288,RAD,6
288,TAX,293
288,PTRATIO,16.6
288,B,396.9
288,LSTAT,7.6
289,CRIM,0.04297
289,ZN,52
289,INDUS,5.32
289,CHAS,0.0
289,NOX,0.405
289,RM,6.565
289,AGE,22.9
289,DIS,7.3172
289,RAD,6
289,TAX,293
289,PTRATIO,16.6
289,B,371.72
289,LSTAT,9.51
290,CRIM,0.03502
290,ZN,80
290,INDUS,4.95
290,CHAS,0.0
290,NOX,0.411
290,RM,6.861
290,AGE,27.9
290,DIS,5.1167
290,RAD,4
290,TAX,245
290,PTRATIO,19.2
290,B,396.9
290,LSTAT,3.33
291,CRIM,0.07886
291,ZN,80
291,INDUS,4.95
291,CHAS,0.0
291,NOX,0.411
291,RM,7.148
291,AGE,27.7
291,DIS,5.1167
291,RAD,4
291,TAX,245
291,PTRATIO,19.2
291,B,396.9
291,LSTAT,3.56
292,CRIM,0.03615
292,ZN,80
292,INDUS,4.95
292,CHAS,0.0
292,NOX,0.411
292,RM,6.63
292,AGE,23.4
292,DIS,5.1167
292,RAD,4
292,TAX,245
292,PTRATIO,19.2
292,B,396.9
292,LSTAT,4.7
293,CRIM,0.08265
293,ZN,0
293,INDUS,13.92
293,CHAS,0.0
293,NOX,0.437
293,RM,6.127
293,AGE,18.4
293,DIS,5.5027
293,RAD,4
293,TAX,289
293,PTRATIO,16.0
293,B,396.9
293,LSTAT,8.58
294,CRIM,0.08199
294,ZN,0
294,INDUS,13.92
294,CHAS,0.0
294,NOX,0.437
294,RM,6.009
294,AGE,42.3
294,DIS,5.5027
294,RAD,4
294,TAX,289
294,PTRATIO,16.0
294,B,396.9
294,LSTAT,10.4
295,CRIM,0.12932
295,ZN,0
295,INDUS,13.92
295,CHAS,0.0
295,NOX,0.437
295,RM,6.678
295,AGE,31.1
295,DIS,5.9604
295,RAD,4
295,TAX,289
295,PTRATIO,16.0
295,B,396.9
295,LSTAT,6.27
296,CRIM,0.05372
296,ZN,0
296,INDUS,13.92
296,CHAS,0.0
296,NOX,0.437
296,RM,6.549
296,AGE,51.0
296,DIS,5.9604
296,RAD,4
296,TAX,289
296,PTRATIO,16.0
296,B,392.85
296,LSTAT,7.39
297,CRIM,0.14103
297,ZN,0
297,INDUS,13.92
297,CHAS,0.0
297,NOX,0.437
297,RM,5.79
297,AGE,58.0
297,DIS,6.32
297,RAD,4
297,TAX,289
297,PTRATIO,16.0
297,B,396.9
297,LSTAT,15.84
298,CRIM,0.06466
298,ZN,70
298,INDUS,2.24
298,CHAS,0.0
298,NOX,0.4
298,RM,6.345
298,AGE,20.1
298,DIS,7.8278
298,RAD,5
298,TAX,358
298,PTRATIO,14.8
298,B,368.24
298,LSTAT,4.97
299,CRIM,0.05561
299,ZN,70
299,INDUS,2.24
299,CHAS,0.0
299,NOX,0.4
299,RM,7.041
299,AGE,10.0
299,DIS,7.8278
299,RAD,5
299,TAX,358
299,PTRATIO,14.8
299,B,371.58
299,LSTAT,4.74
300,CRIM,0.04417
300,ZN,70
300,INDUS,2.24
300,CHAS,0.0
300,NOX,0.4
300,RM,6.871
300,AGE,47.4
300,DIS,7.8278
300,RAD,5
300,TAX,358
300,PTRATIO,14.8
300,B,390.86
300,LSTAT,6.07
301,CRIM,0.03537
301,ZN,34
301,INDUS,6.09
301,CHAS,0.0
301,NOX,0.433
301,RM,6.59
301,AGE,40.4
301,DIS,5.4917
301,RAD,7
301,TAX,329
301,PTRATIO,16.1
301,B,395.75
301,LSTAT,9.5
302,CRIM,0.09266
302,ZN,34
302,INDUS,6.09
302,CHAS,0.0
302,NOX,0.433
302,RM,6.495
302,AGE,18.4
302,DIS,5.4917
302,RAD,7
302,TAX,329
302,PTRATIO,16.1
302,B,383.61
302,LSTAT,8.67
303,CRIM,0.1
303,ZN,34
303,INDUS,6.09
303,CHAS,0.0
303,NOX,0.433
303,RM,6.982
303,AGE,17.7
303,DIS,5.4917
303,RAD,7
303,TAX,329
303,PTRATIO,16.1
303,B,390.43
303,LSTAT,4.86
304,CRIM,0.05515
304,ZN,33
304,INDUS,2.18
304,CHAS,0.0
304,NOX,0.472
304,RM,7.236
304,AGE,41.1
304,DIS,4.022
304,RAD,7
304,TAX,222
304,PTRATIO,18.4
304,B,393.68
304,LSTAT,6.93
305,CRIM,0.05479
305,ZN,33
305,INDUS,2.18
305,CHAS,0.0
305,NOX,0.472
305,RM,6.616
305,AGE,58.1
305,DIS,3.37
305,RAD,7
305,TAX,222
305,PTRATIO,18.4
305,B,393.36
305,LSTAT,8.93
306,CRIM,0.07503
306,ZN,33
306,INDUS,2.18
306,CHAS,0.0
306,NOX,0.472
306,RM,7.42
306,AGE,71.9
306,DIS,3.0992
306,RAD,7
306,TAX,222
306,PTRATIO,18.4
306,B,396.9
306,LSTAT,6.47
307,CRIM,0.04932
307,ZN,33
307,INDUS,2.18
307,CHAS,0.0
307,NOX,0.472
307,RM,6.849
307,AGE,70.3
307,DIS,3.1827
307,RAD,7
307,TAX,222
307,PTRATIO,18.4
307,B,396.9
307,LSTAT,7.53
308,CRIM,0.49298
308,ZN,0
308,INDUS,9.9
308,CHAS,0.0
308,NOX,0.544
308,RM,6.635
308,AGE,82.5
308,DIS,3.3175
308,RAD,4
308,TAX,304
308,PTRATIO,18.4
308,B,396.9
308,LSTAT,4.54
309,CRIM,0.3494
309,ZN,0
309,INDUS,9.9
309,CHAS,0.0
309,NOX,0.544
309,RM,5.972
309,AGE,76.7
309,DIS,3.1025
309,RAD,4
309,TAX,304
309,PTRATIO,18.4
309,B,396.24
309,LSTAT,9.97
310,CRIM,2.63548
310,ZN,0
310,INDUS,9.9
310,CHAS,0.0
310,NOX,0.544
310,RM,4.973
310,AGE,37.8
310,DIS,2.5194
310,RAD,4
310,TAX,304
310,PTRATIO,18.4
310,B,350.45
310,LSTAT,12.64
311,CRIM,0.79041
311,ZN,0
311,INDUS,9.9
311,CHAS,0.0
311,NOX,0.544
311,RM,6.122
311,AGE,52.8
311,DIS,2.6403
311,RAD,4
311,TAX,304
311,PTRATIO,18.4
311,B,396.9
311,LSTAT,5.98
312,CRIM,0.26169
312,ZN,0
312,INDUS,9.9
312,CHAS,0.0
312,NOX,0.544
312,RM,6.023
312,AGE,90.4
312,DIS,2.834
312,RAD,4
312,TAX,304
312,PTRATIO,18.4
312,B,396.3
312,LSTAT,11.72
313,CRIM,0.26938
313,ZN,0
313,INDUS,9.9
313,CHAS,0.0
313,NOX,0.544
313,RM,6.266
313,AGE,82.8
313,DIS,3.2628
313,RAD,4
313,TAX,304
313,PTRATIO,18.4
313,B,393.39
313,LSTAT,7.9
314,CRIM,0.3692
314,ZN,0
314,INDUS,9.9
314,CHAS,0.0
314,NOX,0.544
314,RM,6.567
314,AGE,87.3
314,DIS,3.6023
314,RAD,4
314,TAX,304
314,PTRATIO,18.4
314,B,395.69
314,LSTAT,9.28
315,CRIM,0.25356
315,ZN,0
315,INDUS,9.9
315,CHAS,0.0
315,NOX,0.544
315,RM,5.705
315,AGE,77.7
315,DIS,3.945
315,RAD,4
315,TAX,304
315,PTRATIO,18.4
315,B,396.42
315,LSTAT,11.5
316,CRIM,0.31827
316,ZN,0
316,INDUS,9.9
316,CHAS,0.0
316,NOX,0.544
316,RM,5.914
316,AGE,83.2
316,DIS,3.9986
316,RAD,4
316,TAX,304
316,PTRATIO,18.4
316,B,390.7
316,LSTAT,18.33
317,CRIM,0.24522
317,ZN,0
317,INDUS,9.9
317,CHAS,0.0
317,NOX,0.544
317,RM,5.782
317,AGE,71.7
317,DIS,4.0317
317,RAD,4
317,TAX,304
317,PTRATIO,18.4
317,B,396.9
317,LSTAT,15.94
318,CRIM,0.40202
318,ZN,0
318,INDUS,9.9
318,CHAS,0.0
318,NOX,0.544
318,RM,6.382
318,AGE,67.2
318,DIS,3.5325
318,RAD,4
318,TAX,304
318,PTRATIO,18.4
318,B,395.21
318,LSTAT,10.36
319,CRIM,0.47547
319,ZN,0
319,INDUS,9.9
319,CHAS,0.0
319,NOX,0.544
319,RM,6.113
319,AGE,58.8
319,DIS,4.0019
319,RAD,4
319,TAX,304
319,PTRATIO,18.4
319,B,396.23
319,LSTAT,12.73
320,CRIM,0.1676
320,ZN,0
320,INDUS,7.38
320,CHAS,0.0
320,NOX,0.493
320,RM,6.426
320,AGE,52.3
320,DIS,4.5404
320,RAD,5
320,TAX,287
320,PTRATIO,19.6
320,B,396.9
320,LSTAT,7.2
321,CRIM,0.18159
321,ZN,0
321,INDUS,7.38
321,CHAS,0.0
321,NOX,0.493
321,RM,6.376
321,AGE,54.3
321,DIS,4.5404
321,RAD,5
321,TAX,287
321,PTRATIO,19.6
321,B,396.9
321,LSTAT,6.87
322,CRIM,0.35114
322,ZN,0
322,INDUS,7.38
322,CHAS,0.0
322,NOX,0.493
322,RM,6.041
322,AGE,49.9
322,DIS,4.7211
322,RAD,5
322,TAX,287
322,PTRATIO,19.6
322,B,396.9
322,LSTAT,7.7
323,CRIM,0.28392
323,ZN,0
323,INDUS,7.38
323,CHAS,0.0
323,NOX,0.493
323,RM,5.708
323,AGE,74.3
323,DIS,4.7211
323,RAD,5
323,TAX,287
323,PTRATIO,19.6
323,B,391.13
323,LSTAT,11.74
324,CRIM,0.34109
324,ZN,0
324,INDUS,7.38
324,CHAS,0.0
324,NOX,0.493
324,RM,6.415
324,AGE,40.1
324,DIS,4.7211
324,RAD,5
324,TAX,287
324,PTRATIO,19.6
324,B,396.9
324,LSTAT,6.12
325,CRIM,0.19186
325,ZN,0
325,INDUS,7.38
325,CHAS,0.0
325,NOX,0.493
325,RM,6.431
325,AGE,14.7
325,DIS,5.4159
325,RAD,5
325,TAX,287
325,PTRATIO,19.6
325,B,393.68
325,LSTAT,5.08
326,CRIM,0.30347
326,ZN,0
326,INDUS,7.38
326,CHAS,0.0
326,NOX,0.493
326,RM,6.312
326,AGE,28.9
326,DIS,5.4159
326,RAD,5
326,TAX,287
326,PTRATIO,19.6
326,B,396.9
326,LSTAT,6.15
327,CRIM,0.24103
327,ZN,0
327,INDUS,7.38
327,CHAS,0.0
327,NOX,0.493
327,RM,6.083
327,AGE,43.7
327,DIS,5.4159
327,RAD,5
327,TAX,287
327,PTRATIO,19.6
327,B,396.9
327,LSTAT,12.79
328,CRIM,0.06617
328,ZN,0
328,INDUS,3.24
328,CHAS,0.0
328,NOX,0.46
328,RM,5.868
328,AGE,25.8
328,DIS,5.2146
328,RAD,4
328,TAX,430
328,PTRATIO,16.9
328,B,382.44
328,LSTAT,9.97
329,CRIM,0.06724
329,ZN,0
329,INDUS,3.24
329,CHAS,0.0
329,NOX,0.46
329,RM,6.333
329,AGE,17.2
329,DIS,5.2146
329,RAD,4
329,TAX,430
329,PTRATIO,16.9
329,B,375.21
329,LSTAT,7.34
330,CRIM,0.04544
330,ZN,0
330,INDUS,3.24
330,CHAS,0.0
330,NOX,0.46
330,RM,6.144
330,AGE,32.2
330,DIS,5.8736
330,RAD,4
330,TAX,430
330,PTRATIO,16.9
330,B,368.57
330,LSTAT,9.09
331,CRIM,0.05023
331,ZN,35
331,INDUS,6.06
331,CHAS,0.0
331,NOX,0.4379
331,RM,5.706
331,AGE,28.4
331,DIS,6.6407
331,RAD,1
331,TAX,304
331,PTRATIO,16.9
331,B,394.02
331,LSTAT,12.43
332,CRIM,0.03466
332,ZN,35
332,INDUS,6.06
332,CHAS,0.0
332,NOX,0.4379
332,RM,6.031
332,AGE,23.3
332,DIS,6.6407
332,RAD,1
332,TAX,304
332,PTRATIO,16.9
332,B,362.25
332,LSTAT,7.83
333,CRIM,0.05083
333,ZN,0
333,INDUS,5.19
333,CHAS,0.0
333,NOX,0.515
333,RM,6.316
333,AGE,38.1
333,DIS,6.4584
333,RAD,5
333,TAX,224
333,PTRATIO,20.2
333,B,389.71
333,LSTAT,5.68
334,CRIM,0.03738
334,ZN,0
334,INDUS,5.19
334,CHAS,0.0
334,NOX,0.515
334,RM,6.31
334,AGE,38.5
334,DIS,6.4584
334,RAD,5
334,TAX,224
334,PTRATIO,20.2
334,B,389.4
334,LSTAT,6.75
335,CRIM,0.03961
335,ZN,0
335,INDUS,5.19
335,CHAS,0.0
335,NOX,0.515
335,RM,6.037
335,AGE,34.5
335,DIS,5.9853
335,RAD,5
335,TAX,224
335,PTRATIO,20.2
335,B,396.9
335,LSTAT,8.01
336,CRIM,0.03427
336,ZN,0
336,INDUS,5.19
336,CHAS,0.0
336,NOX,0.515
336,RM,5.869
336,AGE,46.3
336,DIS,5.2311
336,RAD,5
336,TAX,224
336,PTRATIO,20.2
336,B,396.9
336,LSTAT,9.8
337,CRIM,0.03041
337,ZN,0
337,INDUS,5.19
337,CHAS,0.0
337,NOX,0.515
337,RM,5.895
337,AGE,59.6
337,DIS,5.615
337,RAD,5
337,TAX,224
337,PTRATIO,20.2
337,B,394.81
337,LSTAT,10.56
338,CRIM,0.03306
338,ZN,0
338,INDUS,5.19
338,CHAS,0.0
338,NOX,0.515
338,RM,6.059
338,AGE,37.3
338,DIS,4.8122
338,RAD,5
338,TAX,224
338,PTRATIO,20.2
338,B,396.14
338,LSTAT,8.51
339,CRIM,0.05497
339,ZN,0
339,INDUS,5.19
339,CHAS,0.0
339,NOX,0.515
339,RM,5.985
339,AGE,45.4
339,DIS,4.8122
339,RAD,5
339,TAX,224
339,PTRATIO,20.2
339,B,396.9
339,LSTAT,9.74
340,CRIM,0.06151
340,ZN,0
340,INDUS,5.19
340,CHAS,0.0
340,NOX,0.515
340,RM,5.968
340,AGE,58.5
340,DIS,4.8122
340,RAD,5
340,TAX,224
340,PTRATIO,20.2
340,B,396.9
340,LSTAT,9.29
341,CRIM,0.01301
341,ZN,35
341,INDUS,1.52
341,CHAS,0.0
341,NOX,0.442
341,RM,7.241
341,AGE,49.3
341,DIS,7.0379
341,RAD,1
341,TAX,284
341,PTRATIO,15.5
341,B,394.74
341,LSTAT,5.49
342,CRIM,0.02498
342,ZN,0
342,INDUS,1.89
342,CHAS,0.0
342,NOX,0.518
342,RM,6.54
342,AGE,59.7
342,DIS,6.2669
342,RAD,1
342,TAX,422
342,PTRATIO,15.9
342,B,389.96
342,LSTAT,8.65
343,CRIM,0.02543
343,ZN,55
343,INDUS,3.78
343,CHAS,0.0
343,NOX,0.484
343,RM,6.696
343,AGE,56.4
343,DIS,5.7321
343,RAD,5
343,TAX,370
343,PTRATIO,17.6
343,B,396.9
343,LSTAT,7.18
344,CRIM,0.03049
344,ZN,55
344,INDUS,3.78
344,CHAS,0.0
344,NOX,0.484
344,RM,6.874
344,AGE,28.1
344,DIS,6.4654
344,RAD,5
344,TAX,370
344,PTRATIO,17.6
344,B,387.97
344,LSTAT,4.61
345,CRIM,0.03113
345,ZN,0
345,INDUS,4.39
345,CHAS,0.0
345,NOX,0.442
345,RM,6.014
345,AGE,48.5
345,DIS,8.0136
345,RAD,3
345,TAX,352
345,PTRATIO,18.8
345,B,385.64
345,LSTAT,10.53
346,CRIM,0.06162
346,ZN,0
346,INDUS,4.39
346,CHAS,0.0
346,NOX,0.442
346,RM,5.898
346,AGE,52.3
346,DIS,8.0136
346,RAD,3
346,TAX,352
346,PTRATIO,18.8
346,B,364.61
346,LSTAT,12.67
347,CRIM,0.0187
347,ZN,85
347,INDUS,4.15
347,CHAS,0.0
347,NOX,0.429
347,RM,6.516
347,AGE,27.7
347,DIS,8.5353
347,RAD,4
347,TAX,351
347,PTRATIO,17.9
347,B,392.43
347,LSTAT,6.36
348,CRIM,0.01501
348,ZN,80
348,INDUS,2.01
348,CHAS,0.0
348,NOX,0.435
348,RM,6.635
348,AGE,29.7
348,DIS,8.344
348,RAD,4
348,TAX,280
348,PTRATIO,17.0
348,B,390.94
348,LSTAT,5.99
349,CRIM,0.02899
349,ZN,40
349,INDUS,1.25
349,CHAS,0.0
349,NOX,0.429
349,RM,6.939
349,AGE,34.5
349,DIS,8.7921
349,RAD,1
349,TAX,335
349,PTRATIO,19.7
349,B,389.85
349,LSTAT,5.89
350,CRIM,0.06211
350,ZN,40
350,INDUS,1.25
350,CHAS,0.0
350,NOX,0.429
350,RM,6.49
350,AGE,44.4
350,DIS,8.7921
350,RAD,1
350,TAX,335
350,PTRATIO,19.7
350,B,396.9
350,LSTAT,5.98
351,CRIM,0.0795
351,ZN,60
351,INDUS,1.69
351,CHAS,0.0
351,NOX,0.411
351,RM,6.579
351,AGE,35.9
351,DIS,10.7103
351,RAD,4
351,TAX,411
351,PTRATIO,18.3
351,B,370.78
351,LSTAT,5.49
352,CRIM,0.07244
352,ZN,60
352,INDUS,1.69
352,CHAS,0.0
352,NOX,0.411
352,RM,5.884
352,AGE,18.5
352,DIS,10.7103
352,RAD,4
352,TAX,411
352,PTRATIO,18.3
352,B,392.33
352,LSTAT,7.79
353,CRIM,0.01709
353,ZN,90
353,INDUS,2.02
353,CHAS,0.0
353,NOX,0.41
353,RM,6.728
353,AGE,36.1
353,DIS,12.1265
353,RAD,5
353,TAX,187
353,PTRATIO,17.0
353,B,384.46
353,LSTAT,4.5
354,CRIM,0.04301
354,ZN,80
354,INDUS,1.91
354,CHAS,0.0
354,NOX,0.413
354,RM,5.663
354,AGE,21.9
354,DIS,10.5857
354,RAD,4
354,TAX,334
354,PTRATIO,22.0
354,B,382.8
354,LSTAT,8.05
355,CRIM,0.10659
355,ZN,80
355,INDUS,1.91
355,CHAS,0.0
355,NOX,0.413
355,RM,5.936
355,AGE,19.5
355,DIS,10.5857
355,RAD,4
355,TAX,334
355,PTRATIO,22.0
355,B,376.04
355,LSTAT,5.57
356,CRIM,8.98296
356,ZN,0
356,INDUS,18.1
356,CHAS,1.0
356,NOX,0.77
356,RM,6.212
356,AGE,97.4
356,DIS,2.1222
356,RAD,24
356,TAX,666
356,PTRATIO,20.2
356,B,377.73
356,LSTAT,17.6
357,CRIM,3.8497
357,ZN,0
357,INDUS,18.1
357,CHAS,1.0
357,NOX,0.77
357,RM,6.395
357,AGE,91.0
357,DIS,2.5052
357,RAD,24
357,TAX,666
357,PTRATIO,20.2
357,B,391.34
357,LSTAT,13.27
358,CRIM,5.20177
358,ZN,0
358,INDUS,18.1
358,CHAS,1.0
358,NOX,0.77
358,RM,6.127
358,AGE,83.4
358,DIS,2.7227
358,RAD,24
358,TAX,666
358,PTRATIO,20.2
358,B,395.43
358,LSTAT,11.48
359,CRIM,4.26131
359,ZN,0
359,INDUS,18.1
359,CHAS,0.0
359,NOX,0.77
359,RM,6.112
359,AGE,81.3
359,DIS,2.5091
359,RAD,24
359,TAX,666
359,PTRATIO,20.2
359,B,390.74
359,LSTAT,12.67
360,CRIM,4.54192
360,ZN,0
360,INDUS,18.1
360,CHAS,0.0
360,NOX,0.77
360,RM,6.398
360,AGE,88.0
360,DIS,2.5182
360,RAD,24
360,TAX,666
360,PTRATIO,20.2
360,B,374.56
360,LSTAT,7.79
361,CRIM,3.83684
361,ZN,0
361,INDUS,18.1
361,CHAS,0.0
361,NOX,0.77
361,RM,6.251
361,AGE,91.1
361,DIS,2.2955
361,RAD,24
361,TAX,666
361,PTRATIO,20.2
361,B,350.65
361,LSTAT,14.19
362,CRIM,3.67822
362,ZN,0
362,INDUS,18.1
362,CHAS,0.0
362,NOX,0.77
362,RM,5.362
362,AGE,96.2
362,DIS,2.1036
362,RAD,24
362,TAX,666
362,PTRATIO,20.2
362,B,380.79
362,LSTAT,10.19
363,CRIM,4.22239
363,ZN,0
363,INDUS,18.1
363,CHAS,1.0
363,NOX,0.77
363,RM,5.803
363,AGE,89.0
363,DIS,1.9047
363,RAD,24
363,TAX,666
363,PTRATIO,20.2
363,B,353.04
363,LSTAT,14.64
364,CRIM,3.47428
364,ZN,0
364,INDUS,18.1
364,CHAS,1.0
364,NOX,0.718
364,RM,8.78
364,AGE,82.9
364,DIS,1.9047
364,RAD,24
364,TAX,666
364,PTRATIO,20.2
364,B,354.55
364,LSTAT,5.29
365,CRIM,4.55587
365,ZN,0
365,INDUS,18.1
365,CHAS,0.0
365,NOX,0.718
365,RM,3.561
365,AGE,87.9
365,DIS,1.6132
365,RAD,24
365,TAX,666
365,PTRATIO,20.2
365,B,354.7
365,LSTAT,7.12
366,CRIM,3.69695
366,ZN,0
366,INDUS,18.1
366,CHAS,0.0
366,NOX,0.718
366,RM,4.963
366,AGE,91.4
366,DIS,1.7523
366,RAD,24
366,TAX,666
366,PTRATIO,20.2
366,B,316.03
366,LSTAT,14.0
367,CRIM,13.5222
367,ZN,0
367,INDUS,18.1
367,CHAS,0.0
367,NOX,0.631
367,RM,3.863
367,AGE,100.0
367,DIS,1.5106
367,RAD,24
367,TAX,666
367,PTRATIO,20.2
367,B,131.42
367,LSTAT,13.33
368,CRIM,4.89822
368,ZN,0
368,INDUS,18.1
368,CHAS,0.0
368,NOX,0.631
368,RM,4.97
368,AGE,100.0
368,DIS,1.3325
368,RAD,24
368,TAX,666
368,PTRATIO,20.2
368,B,375.52
368,LSTAT,3.26
369,CRIM,5.66998
369,ZN,0
369,INDUS,18.1
369,CHAS,1.0
369,NOX,0.631
369,RM,6.683
369,AGE,96.8
369,DIS,1.3567
369,RAD,24
369,TAX,666
369,PTRATIO,20.2
369,B,375.33
369,LSTAT,3.73
370,CRIM,6.53876
370,ZN,0
370,INDUS,18.1
370,CHAS,1.0
370,NOX,0.631
370,RM,7.016
370,AGE,97.5
370,DIS,1.2024
370,RAD,24
370,TAX,666
370,PTRATIO,20.2
370,B,392.05
370,LSTAT,2.96
371,CRIM,9.2323
371,ZN,0
371,INDUS,18.1
371,CHAS,0.0
371,NOX,0.631
371,RM,6.216
371,AGE,100.0
371,DIS,1.1691
371,RAD,24
371,TAX,666
371,PTRATIO,20.2
371,B,366.15
371,LSTAT,9.53
372,CRIM,8.26725
372,ZN,0
372,INDUS,18.1
372,CHAS,1.0
372,NOX,0.668
372,RM,5.875
372,AGE,89.6
372,DIS,1.1296
372,RAD,24
372,TAX,666
372,PTRATIO,20.2
372,B,347.88
372,LSTAT,8.88
373,CRIM,11.1081
373,ZN,0
373,INDUS,18.1
373,CHAS,0.0
373,NOX,0.668
373,RM,4.906
373,AGE,100.0
373,DIS,1.1742
373,RAD,24
373,TAX,666
373,PTRATIO,20.2
373,B,396.9
373,LSTAT,34.77
374,CRIM,18.4982
374,ZN,0
374,INDUS,18.1
374,CHAS,0.0
374,NOX,0.668
374,RM,4.138
374,AGE,100.0
374,DIS,1.137
374,RAD,24
374,TAX,666
374,PTRATIO,20.2
374,B,396.9
374,LSTAT,37.97
375,CRIM,19.6091
375,ZN,0
375,INDUS,18.1
375,CHAS,0.0
375,NOX,0.671
375,RM,7.313
375,AGE,97.9
375,DIS,1.3163
375,RAD,24
375,TAX,666
375,PTRATIO,20.2
375,B,396.9
375,LSTAT,13.44
376,CRIM,15.288
376,ZN,0
376,INDUS,18.1
376,CHAS,0.0
376,NOX,0.671
376,RM,6.649
376,AGE,93.3
376,DIS,1.3449
376,RAD,24
376,TAX,666
376,PTRATIO,20.2
376,B,363.02
376,LSTAT,23.24
377,CRIM,9.82349
377,ZN,0
377,INDUS,18.1
377,CHAS,0.0
377,NOX,0.671
377,RM,6.794
377,AGE,98.8
377,DIS,1.358
377,RAD,24
377,TAX,666
377,PTRATIO,20.2
377,B,396.9
377,LSTAT,21.24
378,CRIM,23.6482
378,ZN,0
378,INDUS,18.1
378,CHAS,0.0
378,NOX,0.671
378,RM,6.38
378,AGE,96.2
378,DIS,1.3861
378,RAD,24
378,TAX,666
378,PTRATIO,20.2
378,B,396.9
378,LSTAT,23.69
379,CRIM,17.8667
379,ZN,0
379,INDUS,18.1
379,CHAS,0.0
379,NOX,0.671
379,RM,6.223
379,AGE,100.0
379,DIS,1.3861
379,RAD,24
379,TAX,666
379,PTRATIO,20.2
379,B,393.74
379,LSTAT,21.78
380,CRIM,88.9762
380,ZN,0
380,INDUS,18.1
380,CHAS,0.0
380,NOX,0.671
380,RM,6.968
380,AGE,91.9
380,DIS,1.4165
380,RAD,24
380,TAX,666
380,PTRATIO,20.2
380,B,396.9
380,LSTAT,17.21
381,CRIM,15.8744
381,ZN,0
381,INDUS,18.1
381,CHAS,0.0
381,NOX,0.671
381,RM,6.545
381,AGE,99.1
381,DIS,1.5192
381,RAD,24
381,TAX,666
381,PTRATIO,20.2
381,B,396.9
381,LSTAT,21.08
382,CRIM,9.18702
382,ZN,0
382,INDUS,18.1
382,CHAS,0.0
382,NOX,0.7
382,RM,5.536
382,AGE,100.0
382,DIS,1.5804
382,RAD,24
382,TAX,666
382,PTRATIO,20.2
382,B,396.9
382,LSTAT,23.6
383,CRIM,7.99248
383,ZN,0
383,INDUS,18.1
383,CHAS,0.0
383,NOX,0.7
383,RM,5.52
383,AGE,100.0
383,DIS,1.5331
383,RAD,24
383,TAX,666
383,PTRATIO,20.2
383,B,396.9
383,LSTAT,24.56
384,CRIM,20.0849
384,ZN,0
384,INDUS,18.1
384,CHAS,0.0
384,NOX,0.7
384,RM,4.368
384,AGE,91.2
384,DIS,1.4395
384,RAD,24
384,TAX,666
384,PTRATIO,20.2
384,B,285.83
384,LSTAT,30.63
385,CRIM,16.8118
385,ZN,0
385,INDUS,18.1
385,CHAS,0.0
385,NOX,0.7
385,RM,5.277
385,AGE,98.1
385,DIS,1.4261
385,RAD,24
385,TAX,666
385,PTRATIO,20.2
385,B,396.9
385,LSTAT,30.81
386,CRIM,24.3938
386,ZN,0
386,INDUS,18.1
386,CHAS,0.0
386,NOX,0.7
386,RM,4.652
386,AGE,100.0
386,DIS,1.4672
386,RAD,24
386,TAX,666
386,PTRATIO,20.2
386,B,396.9
386,LSTAT,28.28
387,CRIM,22.5971
387,ZN,0
387,INDUS,18.1
387,CHAS,0.0
387,NOX,0.7
387,RM,5.0
387,AGE,89.5
387,DIS,1.5184
387,RAD,24
387,TAX,666
387,PTRATIO,20.2
387,B,396.9
387,LSTAT,31.99
388,CRIM,14.3337
388,ZN,0
388,INDUS,18.1
388,CHAS,0.0
388,NOX,0.7
388,RM,4.88
388,AGE,100.0
388,DIS,1.5895
388,RAD,24
388,TAX,666
388,PTRATIO,20.2
388,B,372.92
388,LSTAT,30.62
389,CRIM,8.15174
389,ZN,0
389,INDUS,18.1
389,CHAS,0.0
389,NOX,0.7
389,RM,5.39
389,AGE,98.9
389,DIS,1.7281
389,RAD,24
389,TAX,666
389,PTRATIO,20.2
389,B,396.9
389,LSTAT,20.85
390,CRIM,6.96215
390,ZN,0
390,INDUS,18.1
390,CHAS,0.0
390,NOX,0.7
390,RM,5.713
390,AGE,97.0
390,DIS,1.9265
390,RAD,24
390,TAX,666
390,PTRATIO,20.2
390,B,394.43
390,LSTAT,17.11
391,CRIM,5.29305
391,ZN,0
391,INDUS,18.1
391,CHAS,0.0
391,NOX,0.7
391,RM,6.051
391,AGE,82.5
391,DIS,2.1678
391,RAD,24
391,TAX,666
391,PTRATIO,20.2
391,B,378.38
391,LSTAT,18.76
392,CRIM,11.5779
392,ZN,0
392,INDUS,18.1
392,CHAS,0.0
392,NOX,0.7
392,RM,5.036
392,AGE,97.0
392,DIS,1.77
392,RAD,24
392,TAX,666
392,PTRATIO,20.2
392,B,396.9
392,LSTAT,25.68
393,CRIM,8.64476
393,ZN,0
393,INDUS,18.1
393,CHAS,0.0
393,NOX,0.693
393,RM,6.193
393,AGE,92.6
393,DIS,1.7912
393,RAD,24
393,TAX,666
393,PTRATIO,20.2
393,B,396.9
393,LSTAT,15.17
394,CRIM,13.3598
394,ZN,0
394,INDUS,18.1
394,CHAS,0.0
394,NOX,0.693
394,RM,5.887
394,AGE,94.7
394,DIS,1.7821
394,RAD,24
394,TAX,666
394,PTRATIO,20.2
394,B,396.9
394,LSTAT,16.35
395,CRIM,8.71675
395,ZN,0
395,INDUS,18.1
395,CHAS,0.0
395,NOX,0.693
395,RM,6.471
395,AGE,98.8
395,DIS,1.7257
395,RAD,24
395,TAX,666
395,PTRATIO,20.2
395,B,391.98
395,LSTAT,17.12
396,CRIM,5.87205
396,ZN,0
396,INDUS,18.1
396,CHAS,0.0
396,NOX,0.693
396,RM,6.405
396,AGE,96.0
396,DIS,1.6768
396,RAD,24
396,TAX,666
396,PTRATIO,20.2
396,B,396.9
396,LSTAT,19.37
397,CRIM,7.67202
397,ZN,0
397,INDUS,18.1
397,CHAS,0.0
397,NOX,0.693
397,RM,5.747
397,AGE,98.9
397,DIS,1.6334
397,RAD,24
397,TAX,666
397,PTRATIO,20.2
397,B,393.1
397,LSTAT,19.92
398,CRIM,38.3518
398,ZN,0
398,INDUS,18.1
398,CHAS,0.0
398,NOX,0.693
398,RM,5.453
398,AGE,100.0
398,DIS,1.4896
398,RAD,24
398,TAX,666
398,PTRATIO,20.2
398,B,396.9
398,LSTAT,30.59
399,CRIM,9.91655
399,ZN,0
399,INDUS,18.1
399,CHAS,0.0
399,NOX,0.693
399,RM,5.852
399,AGE,77.8
399,DIS,1.5004
399,RAD,24
399,TAX,666
399,PTRATIO,20.2
399,B,338.16
399,LSTAT,29.97
400,CRIM,25.0461
400,ZN,0
400,INDUS,18.1
400,CHAS,0.0
400,NOX,0.693
400,RM,5.987
400,AGE,100.0
400,DIS,1.5888
400,RAD,24
400,TAX,666
400,PTRATIO,20.2
400,B,396.9
400,LSTAT,26.77
401,CRIM,14.2362
401,ZN,0
401,INDUS,18.1
401,CHAS,0.0
401,NOX,0.693
401,RM,6.343
401,AGE,100.0
401,DIS,1.5741
401,RAD,24
401,TAX,666
401,PTRATIO,20.2
401,B,396.9
401,LSTAT,20.32
402,CRIM,9.59571
402,ZN,0
402,INDUS,18.1
402,CHAS,0.0
402,NOX,0.693
402,RM,6.404
402,AGE,100.0
402,DIS,1.639
402,RAD,24
402,TAX,666
402,PTRATIO,20.2
402,B,376.11
402,LSTAT,20.31
403,CRIM,24.8017
403,ZN,0
403,INDUS,18.1
403,CHAS,0.0
403,NOX,0.693
403,RM,5.349
403,AGE,96.0
403,DIS,1.7028
403,RAD,24
403,TAX,666
403,PTRATIO,20.2
403,B,396.9
403,LSTAT,19.77
404,CRIM,41.5292
404,ZN,0
404,INDUS,18.1
404,CHAS,0.0
404,NOX,0.693
404,RM,5.531
404,AGE,85.4
404,DIS,1.6074
404,RAD,24
404,TAX,666
404,PTRATIO,20.2
404,B,329.46
404,LSTAT,27.38
405,CRIM,67.9208
405,ZN,0
405,INDUS,18.1
405,CHAS,0.0
405,NOX,0.693
405,RM,5.683
405,AGE,100.0
405,DIS,1.4254
405,RAD,24
405,TAX,666
405,PTRATIO,20.2
405,B,384.97
405,LSTAT,22.98
406,CRIM,20.7162
406,ZN,0
406,INDUS,18.1
406,CHAS,0.0
406,NOX,0.659
406,RM,4.138
406,AGE,100.0
406,DIS,1.1781
406,RAD,24
406,TAX,666
406,PTRATIO,20.2
406,B,370.22
406,LSTAT,23.34
407,CRIM,11.9511
407,ZN,0
407,INDUS,18.1
407,CHAS,0.0
407,NOX,0.659
407,RM,5.608
407,AGE,100.0
407,DIS,1.2852
407,RAD,24
407,TAX,666
407,PTRATIO,20.2
407,B,332.09
407,LSTAT,12.13
408,CRIM,7.40389
408,ZN,0
408,INDUS,18.1
408,CHAS,0.0
408,NOX,0.597
408,RM,5.617
408,AGE,97.9
408,DIS,1.4547
408,RAD,24
408,TAX,666
408,PTRATIO,20.2
408,B,314.64
408,LSTAT,26.4
409,CRIM,14.4383
409,ZN,0
409,INDUS,18.1
409,CHAS,0.0
409,NOX,0.597
409,RM,6.852
409,AGE,100.0
409,DIS,1.4655
409,RAD,24
409,TAX,666
409,PTRATIO,20.2
409,B,179.36
409,LSTAT,19.78
410,CRIM,51.1358
410,ZN,0
410,INDUS,18.1
410,CHAS,0.0
410,NOX,0.597
410,RM,5.757
410,AGE,100.0
410,DIS,1.413
410,RAD,24
410,TAX,666
410,PTRATIO,20.2
410,B,2.6
410,LSTAT,10.11
411,CRIM,14.0507
411,ZN,0
411,INDUS,18.1
411,CHAS,0.0
411,NOX,0.597
411,RM,6.657
411,AGE,100.0
411,DIS,1.5275
411,RAD,24
411,TAX,666
411,PTRATIO,20.2
411,B,35.05
411,LSTAT,21.22
412,CRIM,18.811
412,ZN,0
412,INDUS,18.1
412,CHAS,0.0
412,NOX,0.597
412,RM,4.628
412,AGE,100.0
412,DIS,1.5539
412,RAD,24
412,TAX,666
412,PTRATIO,20.2
412,B,28.79
412,LSTAT,34.37
413,CRIM,28.6558
413,ZN,0
413,INDUS,18.1
413,CHAS,0.0
413,NOX,0.597
413,RM,5.155
413,AGE,100.0
413,DIS,1.5894
413,RAD,24
413,TAX,666
413,PTRATIO,20.2
413,B,210.97
413,LSTAT,20.08
414,CRIM,45.7461
414,ZN,0
414,INDUS,18.1
414,CHAS,0.0
414,NOX,0.693
414,RM,4.519
414,AGE,100.0
414,DIS,1.6582
414,RAD,24
414,TAX,666
414,PTRATIO,20.2
414,B,88.27
414,LSTAT,36.98
415,CRIM,18.0846
415,ZN,0
415,INDUS,18.1
415,CHAS,0.0
415,NOX,0.679
415,RM,6.434
415,AGE,100.0
415,DIS,1.8347
415,RAD,24
415,TAX,666
415,PTRATIO,20.2
415,B,27.25
415,LSTAT,29.05
416,CRIM,10.8342
416,ZN,0
416,INDUS,18.1
416,CHAS,0.0
416,NOX,0.679
416,RM,6.782
416,AGE,90.8
416,DIS,1.8195
416,RAD,24
416,TAX,666
416,PTRATIO,20.2
416,B,21.57
416,LSTAT,25.79
417,CRIM,25.9406
417,ZN,0
417,INDUS,18.1
417,CHAS,0.0
417,NOX,0.679
417,RM,5.304
417,AGE,89.1
417,DIS,1.6475
417,RAD,24
417,TAX,666
417,PTRATIO,20.2
417,B,127.36
417,LSTAT,26.64
418,CRIM,73.5341
418,ZN,0
418,INDUS,18.1
418,CHAS,0.0
418,NOX,0.679
418,RM,5.957
418,AGE,100.0
418,DIS,1.8026
418,RAD,24
418,TAX,666
418,PTRATIO,20.2
418,B,16.45
418,LSTAT,20.62
419,CRIM,11.8123
419,ZN,0
419,INDUS,18.1
419,CHAS,0.0
419,NOX,0.718
419,RM,6.824
419,AGE,76.5
419,DIS,1.794
419,RAD,24
419,TAX,666
419,PTRATIO,20.2
419,B,48.45
419,LSTAT,22.74
420,CRIM,11.0874
420,ZN,0
420,INDUS,18.1
420,CHAS,0.0
420,NOX,0.718
420,RM,6.411
420,AGE,100.0
420,DIS,1.8589
420,RAD,24
420,TAX,666
420,PTRATIO,20.2
420,B,318.75
420,LSTAT,15.02
421,CRIM,7.02259
421,ZN,0
421,INDUS,18.1
421,CHAS,0.0
421,NOX,0.718
421,RM,6.006
421,AGE,95.3
421,DIS,1.8746
421,RAD,24
421,TAX,666
421,PTRATIO,20.2
421,B,319.98
421,LSTAT,15.7
422,CRIM,12.0482
422,ZN,0
422,INDUS,18.1
422,CHAS,0.0
422,NOX,0.614
422,RM,5.648
422,AGE,87.6
422,DIS,1.9512
422,RAD,24
422,TAX,666
422,PTRATIO,20.2
422,B,291.55
422,LSTAT,14.1
423,CRIM,7.05042
423,ZN,0
423,INDUS,18.1
423,CHAS,0.0
423,NOX,0.614
423,RM,6.103
423,AGE,85.1
423,DIS,2.0218
423,RAD,24
423,TAX,666
423,PTRATIO,20.2
423,B,2.52
423,LSTAT,23.29
424,CRIM,8.79212
424,ZN,0
424,INDUS,18.1
424,CHAS,0.0
424,NOX,0.584
424,RM,5.565
424,AGE,70.6
424,DIS,2.0635
424,RAD,24
424,TAX,666
424,PTRATIO,20.2
424,B,3.65
424,LSTAT,17.16
425,CRIM,15.8603
425,ZN,0
425,INDUS,18.1
425,CHAS,0.0
425,NOX,0.679
425,RM,5.896
425,AGE,95.4
425,DIS,1.9096
425,RAD,24
425,TAX,666
425,PTRATIO,20.2
425,B,7.68
425,LSTAT,24.39
426,CRIM,12.2472
426,ZN,0
426,INDUS,18.1
426,CHAS,0.0
426,NOX,0.584
426,RM,5.837
426,AGE,59.7
426,DIS,1.9976
426,RAD,24
426,TAX,666
426,PTRATIO,20.2
426,B,24.65
426,LSTAT,15.69
427,CRIM,37.6619
427,ZN,0
427,INDUS,18.1
427,CHAS,0.0
427,NOX,0.679
427,RM,6.202
427,AGE,78.7
427,DIS,1.8629
427,RAD,24
427,TAX,666
427,PTRATIO,20.2
427,B,18.82
427,LSTAT,14.52
428,CRIM,7.36711
428,ZN,0
428,INDUS,18.1
428,CHAS,0.0
428,NOX,0.679
428,RM,6.193
428,AGE,78.1
428,DIS,1.9356
428,RAD,24
428,TAX,666
428,PTRATIO,20.2
428,B,96.73
428,LSTAT,21.52
429,CRIM,9.33889
429,ZN,0
429,INDUS,18.1
429,CHAS,0.0
429,NOX,0.679
429,RM,6.38
429,AGE,95.6
429,DIS,1.9682
429,RAD,24
429,TAX,666
429,PTRATIO,20.2
429,B,60.72
429,LSTAT,24.08
430,CRIM,8.49213
430,ZN,0
430,INDUS,18.1
430,CHAS,0.0
430,NOX,0.584
430,RM,6.348
430,AGE,86.1
430,DIS,2.0527
430,RAD,24
430,TAX,666
430,PTRATIO,20.2
430,B,83.45
430,LSTAT,17.64
431,CRIM,10.0623
431,ZN,0
431,INDUS,18.1
431,CHAS,0.0
431,NOX,0.584
431,RM,6.833
431,AGE,94.3
431,DIS,2.0882
431,RAD,24
431,TAX,666
431,PTRATIO,20.2
431,B,81.33
431,LSTAT,19.69
432,CRIM,6.44405
432,ZN,0
432,INDUS,18.1
432,CHAS,0.0
432,NOX,0.584
432,RM,6.425
432,AGE,74.8
432,DIS,2.2004
432,RAD,24
432,TAX,666
432,PTRATIO,20.2
432,B,97.95
432,LSTAT,12.03
433,CRIM,5.58107
433,ZN,0
433,INDUS,18.1
433,CHAS,0.0
433,NOX,0.713
433,RM,6.436
433,AGE,87.9
433,DIS,2.3158
433,RAD,24
433,TAX,666
433,PTRATIO,20.2
433,B,100.19
433,LSTAT,16.22
434,CRIM,13.9134
434,ZN,0
434,INDUS,18.1
434,CHAS,0.0
434,NOX,0.713
434,RM,6.208
434,AGE,95.0
434,DIS,2.2222
434,RAD,24
434,TAX,666
434,PTRATIO,20.2
434,B,100.63
434,LSTAT,15.17
435,CRIM,11.1604
435,ZN,0
435,INDUS,18.1
435,CHAS,0.0
435,NOX,0.74
435,RM,6.629
435,AGE,94.6
435,DIS,2.1247
435,RAD,24
435,TAX,666
435,PTRATIO,20.2
435,B,109.85
435,LSTAT,23.27
436,CRIM,14.4208
436,ZN,0
436,INDUS,18.1
436,CHAS,0.0
436,NOX,0.74
436,RM,6.461
436,AGE,93.3
436,DIS,2.0026
436,RAD,24
436,TAX,666
436,PTRATIO,20.2
436,B,27.49
436,LSTAT,18.05
437,CRIM,15.1772
437,ZN,0
437,INDUS,18.1
437,CHAS,0.0
437,NOX,0.74
437,RM,6.152
437,AGE,100.0
437,DIS,1.9142
437,RAD,24
437,TAX,666
437,PTRATIO,20.2
437,B,9.32
437,LSTAT,26.45
438,CRIM,13.6781
438,ZN,0
438,INDUS,18.1
438,CHAS,0.0
438,NOX,0.74
438,RM,5.935
438,AGE,87.9
438,DIS,1.8206
438,RAD,24
438,TAX,666
438,PTRATIO,20.2
438,B,68.95
438,LSTAT,34.02
439,CRIM,9.39063
439,ZN,0
439,INDUS,18.1
439,CHAS,0.0
439,NOX,0.74
439,RM,5.627
439,AGE,93.9
439,DIS,1.8172
439,RAD,24
439,TAX,666
439,PTRATIO,20.2
439,B,396.9
439,LSTAT,22.88
440,CRIM,22.0511
440,ZN,0
440,INDUS,18.1
440,CHAS,0.0
440,NOX,0.74
440,RM,5.818
440,AGE,92.4
440,DIS,1.8662
440,RAD,24
440,TAX,666
440,PTRATIO,20.2
440,B,391.45
440,LSTAT,22.11
441,CRIM,9.72418
441,ZN,0
441,INDUS,18.1
441,CHAS,0.0
441,NOX,0.74
441,RM,6.406
441,AGE,97.2
441,DIS,2.0651
441,RAD,24
441,TAX,666
441,PTRATIO,20.2
441,B,385.96
441,LSTAT,19.52
442,CRIM,5.66637
442,ZN,0
442,INDUS,18.1
442,CHAS,0.0
442,NOX,0.74
442,RM,6.219
442,AGE,100.0
442,DIS,2.0048
442,RAD,24
442,TAX,666
442,PTRATIO,20.2
442,B,395.69
442,LSTAT,16.59
443,CRIM,9.96654
443,ZN,0
443,INDUS,18.1
443,CHAS,0.0
443,NOX,0.74
443,RM,6.485
443,AGE,100.0
443,DIS,1.9784
443,RAD,24
443,TAX,666
443,PTRATIO,20.2
443,B,386.73
443,LSTAT,18.85
444,CRIM,12.8023
444,ZN,0
444,INDUS,18.1
444,CHAS,0.0
444,NOX,0.74
444,RM,5.854
444,AGE,96.6
444,DIS,1.8956
444,RAD,24
444,TAX,666
444,PTRATIO,20.2
444,B,240.52
444,LSTAT,23.79
445,CRIM,10.6718
445,ZN,0
445,INDUS,18.1
445,CHAS,0.0
445,NOX,0.74
445,RM,6.459
445,AGE,94.8
445,DIS,1.9879
445,RAD,24
445,TAX,666
445,PTRATIO,20.2
445,B,43.06
445,LSTAT,23.98
446,CRIM,6.28807
446,ZN,0
446,INDUS,18.1
446,CHAS,0.0
446,NOX,0.74
446,RM,6.341
446,AGE,96.4
446,DIS,2.072
446,RAD,24
446,TAX,666
446,PTRATIO,20.2
446,B,318.01
446,LSTAT,17.79
447,CRIM,9.92485
447,ZN,0
447,INDUS,18.1
447,CHAS,0.0
447,NOX,0.74
447,RM,6.251
447,AGE,96.6
447,DIS,2.198
447,RAD,24
447,TAX,666
447,PTRATIO,20.2
447,B,388.52
447,LSTAT,16.44
448,CRIM,9.32909
448,ZN,0
448,INDUS,18.1
448,CHAS,0.0
448,NOX,0.713
448,RM,6.185
448,AGE,98.7
448,DIS,2.2616
448,RAD,24
448,TAX,666
448,PTRATIO,20.2
448,B,396.9
448,LSTAT,18.13
449,CRIM,7.52601
449,ZN,0
449,INDUS,18.1
449,CHAS,0.0
449,NOX,0.713
449,RM,6.417
449,AGE,98.3
449,DIS,2.185
449,RAD,24
449,TAX,666
449,PTRATIO,20.2
449,B,304.21
449,LSTAT,19.31
450,CRIM,6.71772
450,ZN,0
450,INDUS,18.1
450,CHAS,0.0
450,NOX,0.713
450,RM,6.749
450,AGE,92.6
450,DIS,2.3236
450,RAD,24
450,TAX,666
450,PTRATIO,20.2
450,B,0.32
450,LSTAT,17.44
451,CRIM,5.44114
451,ZN,0
451,INDUS,18.1
451,CHAS,0.0
451,NOX,0.713
451,RM,6.655
451,AGE,98.2
451,DIS,2.3552
451,RAD,24
451,TAX,666
451,PTRATIO,20.2
451,B,355.29
451,LSTAT,17.73
452,CRIM,5.09017
452,ZN,0
452,INDUS,18.1
452,CHAS,0.0
452,NOX,0.713
452,RM,6.297
452,AGE,91.8
452,DIS,2.3682
452,RAD,24
452,TAX,666
452,PTRATIO,20.2
452,B,385.09
452,LSTAT,17.27
453,CRIM,8.24809
453,ZN,0
453,INDUS,18.1
453,CHAS,0.0
453,NOX,0.713
453,RM,7.393
453,AGE,99.3
453,DIS,2.4527
453,RAD,24
453,TAX,666
453,PTRATIO,20.2
453,B,375.87
453,LSTAT,16.74
454,CRIM,9.51363
454,ZN,0
454,INDUS,18.1
454,CHAS,0.0
454,NOX,0.713
454,RM,6.728
454,AGE,94.1
454,DIS,2.4961
454,RAD,24
454,TAX,666
454,PTRATIO,20.2
454,B,6.68
454,LSTAT,18.71
455,CRIM,4.75237
455,ZN,0
455,INDUS,18.1
455,CHAS,0.0
455,NOX,0.713
455,RM,6.525
455,AGE,86.5
455,DIS,2.4358
455,RAD,24
455,TAX,666
455,PTRATIO,20.2
455,B,50.92
455,LSTAT,18.13
456,CRIM,4.66883
456,ZN,0
456,INDUS,18.1
456,CHAS,0.0
456,NOX,0.713
456,RM,5.976
456,AGE,87.9
456,DIS,2.5806
456,RAD,24
456,TAX,666
456,PTRATIO,20.2
456,B,10.48
456,LSTAT,19.01
457,CRIM,8.20058
457,ZN,0
457,INDUS,18.1
457,CHAS,0.0
457,NOX,0.713
457,RM,5.936
457,AGE,80.3
457,DIS,2.7792
457,RAD,24
457,TAX,666
457,PTRATIO,20.2
457,B,3.5
457,LSTAT,16.94
458,CRIM,7.75223
458,ZN,0
458,INDUS,18.1
458,CHAS,0.0
458,NOX,0.713
458,RM,6.301
458,AGE,83.7
458,DIS,2.7831
458,RAD,24
458,TAX,666
458,PTRATIO,20.2
458,B,272.21
458,LSTAT,16.23
459,CRIM,6.80117
459,ZN,0
459,INDUS,18.1
459,CHAS,0.0
459,NOX,0.713
459,RM,6.081
459,AGE,84.4
459,DIS,2.7175
459,RAD,24
459,TAX,666
459,PTRATIO,20.2
459,B,396.9
459,LSTAT,14.7
460,CRIM,4.81213
460,ZN,0
460,INDUS,18.1
460,CHAS,0.0
460,NOX,0.713
460,RM,6.701
460,AGE,90.0
460,DIS,2.5975
460,RAD,24
460,TAX,666
460,PTRATIO,20.2
460,B,255.23
460,LSTAT,16.42
461,CRIM,3.69311
461,ZN,0
461,INDUS,18.1
461,CHAS,0.0
461,NOX,0.713
461,RM,6.376
461,AGE,88.4
461,DIS,2.5671
461,RAD,24
461,TAX,666
461,PTRATIO,20.2
461,B,391.43
461,LSTAT,14.65
462,CRIM,6.65492
462,ZN,0
462,INDUS,18.1
462,CHAS,0.0
462,NOX,0.713
462,RM,6.317
462,AGE,83.0
462,DIS,2.7344
462,RAD,24
462,TAX,666
462,PTRATIO,20.2
462,B,396.9
462,LSTAT,13.99
463,CRIM,5.82115
463,ZN,0
463,INDUS,18.1
463,CHAS,0.0
463,NOX,0.713
463,RM,6.513
463,AGE,89.9
463,DIS,2.8016
463,RAD,24
463,TAX,666
463,PTRATIO,20.2
463,B,393.82
463,LSTAT,10.29
464,CRIM,7.83932
464,ZN,0
464,INDUS,18.1
464,CHAS,0.0
464,NOX,0.655
464,RM,6.209
464,AGE,65.4
464,DIS,2.9634
464,RAD,24
464,TAX,666
464,PTRATIO,20.2
464,B,396.9
464,LSTAT,13.22
465,CRIM,3.1636
465,ZN,0
465,INDUS,18.1
465,CHAS,0.0
465,NOX,0.655
465,RM,5.759
465,AGE,48.2
465,DIS,3.0665
465,RAD,24
465,TAX,666
465,PTRATIO,20.2
465,B,334.4
465,LSTAT,14.13
466,CRIM,3.77498
466,ZN,0
466,INDUS,18.1
466,CHAS,0.0
466,NOX,0.655
466,RM,5.952
466,AGE,84.7
466,DIS,2.8715
466,RAD,24
466,TAX,666
466,PTRATIO,20.2
466,B,22.01
466,LSTAT,17.15
467,CRIM,4.42228
467,ZN,0
467,INDUS,18.1
467,CHAS,0.0
467,NOX,0.584
467,RM,6.003
467,AGE,94.5
467,DIS,2.5403
467,RAD,24
467,TAX,666
467,PTRATIO,20.2
467,B,331.29
467,LSTAT,21.32
468,CRIM,15.5757
468,ZN,0
468,INDUS,18.1
468,CHAS,0.0
468,NOX,0.58
468,RM,5.926
468,AGE,71.0
468,DIS,2.9084
468,RAD,24
468,TAX,666
468,PTRATIO,20.2
468,B,368.74
468,LSTAT,18.13
469,CRIM,13.0751
469,ZN,0
469,INDUS,18.1
469,CHAS,0.0
469,NOX,0.58
469,RM,5.713
469,AGE,56.7
469,DIS,2.8237
469,RAD,24
469,TAX,666
469,PTRATIO,20.2
469,B,396.9
469,LSTAT,14.76
470,CRIM,4.34879
470,ZN,0
470,INDUS,18.1
470,CHAS,0.0
470,NOX,0.58
470,RM,6.167
470,AGE,84.0
470,DIS,3.0334
470,RAD,24
470,TAX,666
470,PTRATIO,20.2
470,B,396.9
470,LSTAT,16.29
471,CRIM,4.03841
471,ZN,0
471,INDUS,18.1
471,CHAS,0.0
471,NOX,0.532
471,RM,6.229
471,AGE,90.7
471,DIS,3.0993
471,RAD,24
471,TAX,666
471,PTRATIO,20.2
471,B,395.33
471,LSTAT,12.87
472,CRIM,3.56868
472,ZN,0
472,INDUS,18.1
472,CHAS,0.0
472,NOX,0.58
472,RM,6.437
472,AGE,75.0
472,DIS,2.8965
472,RAD,24
472,TAX,666
472,PTRATIO,20.2
472,B,393.37
472,LSTAT,14.36
473,CRIM,4.64689
473,ZN,0
473,INDUS,18.1
473,CHAS,0.0
473,NOX,0.614
473,RM,6.98
473,AGE,67.6
473,DIS,2.5329
473,RAD,24
473,TAX,666
473,PTRATIO,20.2
473,B,374.68
473,LSTAT,11.66
474,CRIM,8.05579
474,ZN,0
474,INDUS,18.1
474,CHAS,0.0
474,NOX,0.584
474,RM,5.427
474,AGE,95.4
474,DIS,2.4298
474,RAD,24
474,TAX,666
474,PTRATIO,20.2
474,B,352.58
474,LSTAT,18.14
475,CRIM,6.39312
475,ZN,0
475,INDUS,18.1
475,CHAS,0.0
475,NOX,0.584
475,RM,6.162
475,AGE,97.4
475,DIS,2.206
475,RAD,24
475,TAX,666
475,PTRATIO,20.2
475,B,302.76
475,LSTAT,24.1
476,CRIM,4.87141
476,ZN,0
476,INDUS,18.1
476,CHAS,0.0
476,NOX,0.614
476,RM,6.484
476,AGE,93.6
476,DIS,2.3053
476,RAD,24
476,TAX,666
476,PTRATIO,20.2
476,B,396.21
476,LSTAT,18.68
477,CRIM,15.0234
477,ZN,0
477,INDUS,18.1
477,CHAS,0.0
477,NOX,0.614
477,RM,5.304
477,AGE,97.3
477,DIS,2.1007
477,RAD,24
477,TAX,666
477,PTRATIO,20.2
477,B,349.48
477,LSTAT,24.91
478,CRIM,10.233
478,ZN,0
478,INDUS,18.1
478,CHAS,0.0
478,NOX,0.614
478,RM,6.185
478,AGE,96.7
478,DIS,2.1705
478,RAD,24
478,TAX,666
478,PTRATIO,20.2
478,B,379.7
478,LSTAT,18.03
479,CRIM,14.3337
479,ZN,0
479,INDUS,18.1
479,CHAS,0.0
479,NOX,0.614
479,RM,6.229
479,AGE,88.0
479,DIS,1.9512
479,RAD,24
479,TAX,666
479,PTRATIO,20.2
479,B,383.32
479,LSTAT,13.11
480,CRIM,5.82401
480,ZN,0
480,INDUS,18.1
480,CHAS,0.0
480,NOX,0.532
480,RM,6.242
480,AGE,64.7
480,DIS,3.4242
480,RAD,24
480,TAX,666
480,PTRATIO,20.2
480,B,396.9
480,LSTAT,10.74
481,CRIM,5.70818
481,ZN,0
481,INDUS,18.1
481,CHAS,0.0
481,NOX,0.532
481,RM,6.75
481,AGE,74.9
481,DIS,3.3317
481,RAD,24
481,TAX,666
481,PTRATIO,20.2
481,B,393.07
481,LSTAT,7.74
482,CRIM,5.73116
482,ZN,0
482,INDUS,18.1
482,CHAS,0.0
482,NOX,0.532
482,RM,7.061
482,AGE,77.0
482,DIS,3.4106
482,RAD,24
482,TAX,666
482,PTRATIO,20.2
482,B,395.28
482,LSTAT,7.01
483,CRIM,2.81838
483,ZN,0
483,INDUS,18.1
483,CHAS,0.0
483,NOX,0.532
483,RM,5.762
483,AGE,40.3
483,DIS,4.0983
483,RAD,24
483,TAX,666
483,PTRATIO,20.2
483,B,392.92
483,LSTAT,10.42
484,CRIM,2.37857
484,ZN,0
484,INDUS,18.1
484,CHAS,0.0
484,NOX,0.583
484,RM,5.871
484,AGE,41.9
484,DIS,3.724
484,RAD,24
484,TAX,666
484,PTRATIO,20.2
484,B,370.73
484,LSTAT,13.34
485,CRIM,3.67367
485,ZN,0
485,INDUS,18.1
485,CHAS,0.0
485,NOX,0.583
485,RM,6.312
485,AGE,51.9
485,DIS,3.9917
485,RAD,24
485,TAX,666
485,PTRATIO,20.2
485,B,388.62
485,LSTAT,10.58
486,CRIM,5.69175
486,ZN,0
486,INDUS,18.1
486,CHAS,0.0
486,NOX,0.583
486,RM,6.114
486,AGE,79.8
486,DIS,3.5459
486,RAD,24
486,TAX,666
486,PTRATIO,20.2
486,B,392.68
486,LSTAT,14.98
487,CRIM,4.83567
487,ZN,0
487,INDUS,18.1
487,CHAS,0.0
487,NOX,0.583
487,RM,5.905
487,AGE,53.2
487,DIS,3.1523
487,RAD,24
487,TAX,666
487,PTRATIO,20.2
487,B,388.22
487,LSTAT,11.45
488,CRIM,0.15086
488,ZN,0
488,INDUS,27.74
488,CHAS,0.0
488,NOX,0.609
488,RM,5.454
488,AGE,92.7
488,DIS,1.8209
488,RAD,4
488,TAX,711
488,PTRATIO,20.1
488,B,395.09
488,LSTAT,18.06
489,CRIM,0.18337
489,ZN,0
489,INDUS,27.74
489,CHAS,0.0
489,NOX,0.609
489,RM,5.414
489,AGE,98.3
489,DIS,1.7554
489,RAD,4
489,TAX,711
489,PTRATIO,20.1
489,B,344.05
489,LSTAT,23.97
490,CRIM,0.20746
490,ZN,0
490,INDUS,27.74
490,CHAS,0.0
490,NOX,0.609
490,RM,5.093
490,AGE,98.0
490,DIS,1.8226
490,RAD,4
490,TAX,711
490,PTRATIO,20.1
490,B,318.43
490,LSTAT,29.68
491,CRIM,0.10574
491,ZN,0
491,INDUS,27.74
491,CHAS,0.0
491,NOX,0.609
491,RM,5.983
491,AGE,98.8
491,DIS,1.8681
491,RAD,4
491,TAX,711
491,PTRATIO,20.1
491,B,390.11
491,LSTAT,18.07
492,CRIM,0.11132
492,ZN,0
492,INDUS,27.74
492,CHAS,0.0
492,NOX,0.609
492,RM,5.983
492,AGE,83.5
492,DIS,2.1099
492,RAD,4
492,TAX,711
492,PTRATIO,20.1
492,B,396.9
492,LSTAT,13.35
493,CRIM,0.17331
493,ZN,0
493,INDUS,9.69
493,CHAS,0.0
493,NOX,0.585
493,RM,5.707
493,AGE,54.0
493,DIS,2.3817
493,RAD,6
493,TAX,391
493,PTRATIO,19.2
493,B,396.9
493,LSTAT,12.01
494,CRIM,0.27957
494,ZN,0
494,INDUS,9.69
494,CHAS,0.0
494,NOX,0.585
494,RM,5.926
494,AGE,42.6
494,DIS,2.3817
494,RAD,6
494,TAX,391
494,PTRATIO,19.2
494,B,396.9
494,LSTAT,13.59
495,CRIM,0.17899
495,ZN,0
495,INDUS,9.69
495,CHAS,0.0
495,NOX,0.585
495,RM,5.67
495,AGE,28.8
495,DIS,2.7986
495,RAD,6
495,TAX,391
495,PTRATIO,19.2
495,B,393.29
495,LSTAT,17.6
496,CRIM,0.2896
496,ZN,0
496,INDUS,9.69
496,CHAS,0.0
496,NOX,0.585
496,RM,5.39
496,AGE,72.9
496,DIS,2.7986
496,RAD,6
496,TAX,391
496,PTRATIO,19.2
496,B,396.9
496,LSTAT,21.14
497,CRIM,0.26838
497,ZN,0
497,INDUS,9.69
497,CHAS,0.0
497,NOX,0.585
497,RM,5.794
497,AGE,70.6
497,DIS,2.8927
497,RAD,6
497,TAX,391
497,PTRATIO,19.2
497,B,396.9
497,LSTAT,14.1
498,CRIM,0.23912
498,ZN,0
498,INDUS,9.69
498,CHAS,0.0
498,NOX,0.585
498,RM,6.019
498,AGE,65.3
498,DIS,2.4091
498,RAD,6
498,TAX,391
498,PTRATIO,19.2
498,B,396.9
498,LSTAT,12.92
499,CRIM,0.17783
499,ZN,0
499,INDUS,9.69
499,CHAS,0.0
499,NOX,0.585
499,RM,5.569
499,AGE,73.5
499,DIS,2.3999
499,RAD,6
499,TAX,391
499,PTRATIO,19.2
499,B,395.77
499,LSTAT,15.1
500,CRIM,0.22438
500,ZN,0
500,INDUS,9.69
500,CHAS,0.0
500,NOX,0.585
500,RM,6.027
500,AGE,79.7
500,DIS,2.4982
500,RAD,6
500,TAX,391
500,PTRATIO,19.2
500,B,396.9
500,LSTAT,14.33
501,CRIM,0.06263
501,ZN,0
501,INDUS,11.93
501,CHAS,0.0
501,NOX,0.573
501,RM,6.593
501,AGE,69.1
501,DIS,2.4786
501,RAD,1
501,TAX,273
501,PTRATIO,21.0
501,B,391.99
501,LSTAT,9.67
502,CRIM,0.04527
502,ZN,0
502,INDUS,11.93
502,CHAS,0.0
502,NOX,0.573
502,RM,6.12
502,AGE,76.7
502,DIS,2.2875
502,RAD,1
502,TAX,273
502,PTRATIO,21.0
502,B,396.9
502,LSTAT,9.08
503,CRIM,0.06076
503,ZN,0
503,INDUS,11.93
503,CHAS,0.0
503,NOX,0.573
503,RM,6.976
503,AGE,91.0
503,DIS,2.1675
503,RAD,1
503,TAX,273
503,PTRATIO,21.0
503,B,396.9
503,LSTAT,5.64
504,CRIM,0.10959
504,ZN,0
504,INDUS,11.93
504,CHAS,0.0
504,NOX,0.573
504,RM,6.794
504,AGE,89.3
504,DIS,2.3889
504,RAD,1
504,TAX,273
504,PTRATIO,21.0
504,B,393.45
504,LSTAT,6.48
505,CRIM,0.04741
505,ZN,0
505,INDUS,11.93
505,CHAS,0.0
505,NOX,0.573
505,RM,6.03
505,AGE,80.8
505,DIS,2.505
505,RAD,1
505,TAX,273
505,PTRATIO,21.0
505,B,396.9
505,LSTAT,7.88
