fk1,fk2,v1
0,0,MC42NTY5MjQ2NTEzMzYwNDky
1,1,MC44NDY0NDQ3ODAxOTM2OTIy
2,2,MC45MDUzODAwNzA3MTA0ODk2
3,3,MC42NzM4Mjc3MTYzNjgzODE1
4,4,MC4wNzMyOTgwODIwOTQzMzA2NA==
5,5,MC4yMDgyNjE3MTAwNzI5MDA5NQ==
6,6,MC4xMDQ5NjA1MDY4NTgxMjU1Mg==
7,0,MC42NzU3MjM4ODAxNDU1NzQ0
8,1,MC4yNjE3NTAxNTM0NzE4MzY1
9,2,MC4yNTI0MTk0MjI2MTMwOTMzNg==
10,3,MC4wMzIwNzA3OTM1NzkyNzk=
0,4,MC4zNTkzODE3OTY3NzE2NTE4Mw==
1,5,MC43NTQzNTMxOTM2OTkzODkx
2,6,MC42OTM4NjUxNTgzODUxOTc1
3,0,MC40MDUzNzk2ODU5Mzg2NjY3
4,1,MC41MDI0ODcwMTE1NTA1NDk=
5,2,MC40NDMyNTc5MTgzNjAyNTY0
6,3,MC4zMDc0NDAzMjg0MTI4OTIwNA==
7,4,MC45MDgyODA1NzI3Mzg2Njc4
8,5,MC4yMTg0MTc4MTQ0MzUwNTMyNg==
9,6,MC4yODAwMzM5NDkxODQ5MTU0
10,0,MC41ODYzNzk0NDg2MjQ3MTA3
0,1,MC40MjE0MzIyMzA0OTc1MTIy
1,2,MC44ODA1OTE5NTQ4MzEyNzU=
2,3,MC45ODU1NDYzOTEzNzYxNzcx
3,4,MC4wNDIyODExOTExODA0MzA1
4,5,MC41MDIxNTkwNDU4NzgzNDg5
5,6,MC41Mjk1MDQ2NTkyMzg1Njc0
6,0,MC41NjYxNjA0ODA0MTg2NTE0
7,1,MC4zNzkxNzA3MDcxNzQxNTkzNQ==
8,2,MC4wMzIxNTA1MTczMDI1NjkwMTU=
9,3,MC4yOTY0MTc5NjU0NjE3NTE3
10,4,MC44MzQ1Njg3MDMwODM5NDk0
0,5,MC42MTg2MjA0ODI4MTEzOTQ5
1,6,MC44MjkyMDQ5OTA5NDA4OTQ2
2,0,MC43NTYwNzI5Mzg5ODU3MDA2
3,1,MC4wMDk3MzU4NTMyMjU1NDc1OTc=
4,2,MC43MDg4MTA4MTkwODU0MTUx
5,3,MC4xMzE0MTU4MTAyNzM2NDc4
6,4,MC45NjQ0ODI3ODExNjU5Njk0
7,5,MC44NzkyMjIxOTM3OTQ4ODE1
8,6,MC44NTE1MjQ3NzkyNzMxNjY2
9,0,MC42MjIxMTYyMDgwODIwMzUy
10,1,MC43NTcwOTc1MDQwMDc2MTM3
0,2,MC44ODcyMjUyODM1NjEwNDI4
1,3,MC45NTkyMDA0Nzg5NTE4NTM=
2,4,MC43NTU2NTY2MzYwMTc5ODQ2
3,5,MC43NzA5MDYyODUzNzQ1ODYy
4,6,MC42MzUwMjI1MjYzMDIwNDg0
5,0,MC42NTQ0NDEyMDcxMDkwMzE2
6,1,MC42Mjg2NzYzOTYzOTUxMDA5
7,2,MC4yMjk5NDI2NjEzMjk3ODYzNg==
8,3,MC4wMjMzNjAzOTIzMDkzOTU5MDU=
9,4,MC42MDUyNjE2OTk3ODgxNTM0
10,5,MC41Nzk0ODE3MjU4MTI4MjYy
0,6,MC43ODg0NzUxMjM4NTQ1OTg2
1,0,MC4zNTg0NDgwMzYyNDY0NjgwNA==
2,1,MC41MDE4MTExOTU2NjU0MjM=
3,2,MC42NDQwNzczOTQ4NDY0NTIy
4,3,MC4xMjkwOTY5NjUyMTcxODQ5NA==
5,4,MC4yNTA4NzkzNjc1OTk5ODMz
6,5,MC45Mzk1MTc4OTQ0MTEyODk3
7,6,MC4zMDcwNTc2ODI5ODE3MTU2NQ==
8,0,MC43MDkxMTg5MzcxNTMzNDgz
9,1,MC4yMTg4MDg3MjMyMTE4Njc5NQ==
10,2,MC41MTYyNDYwMjQ3NjY4NDUz
0,3,MC4xMTIxMTY2MzI4ODIyODY1Nw==
1,4,MC42NDI1NTc1NzcxNTM3MDk4
2,5,MC4zNDUxOTc2NTk5MjM5Njg1Ng==
3,6,MC4yNTUyNDYzNTgwMjk0MjMz
4,0,MC41MzA5NzQ5NTk5MTk2OTgz
5,1,MC44ODU1MTY1NjkxMjUxMTYz
6,2,MC44MzkwOTc3ODI5NjEzNzgy
7,3,MC45NjQyOTAyMDM5OTcxMTE0
8,4,MC43Njc4MjE2NjQwOTk5NzU5
9,5,MC4xMzEzNDY3OTA0ODY1MDUzMw==
10,6,MC45NzQ2NTA3NDU0Nzg2MzI1
0,0,MC4zMzM2MTA1ODQ2NDYzNjc1
1,1,MC4xNTE5OTExMDU5NjM4NzkyMQ==
2,2,MC43NjA3NzQ1MzM4NzQ5NTk1
3,3,MC45MzEzMzk2MjQ4MDQ0NjM2
4,4,MC45NjgyNTYyNDQzODQzMjY3
5,5,MC43MjIxODI2NzU2MDAxODg4
6,6,MC4xNDUwNjU5OTc2ODI3MTg3Nw==
7,0,MC40NjczNjYwMDY2MTQ0MjI4NQ==
8,1,MC44NjYyNzg5MTc4NTAzOQ==
9,2,MC4wODE4MjYyMTExMjc3MzQ3
10,3,MC44ODk5NDI2OTcyMDM4NTcz
0,4,MC43NTY5NDkyNTA2NzExMDEz
1,5,MC41OTY5MjgzNTcwMDE1OTQ=
2,6,MC41ODQxMzc5NDg5MjA0OTE1
3,0,MC4yODgzMDEwOTk5MTcyMjA1
4,1,MC41ODQ3NTUzNjc4OTcxNDMx
5,2,MC44ODEyOTc5NDY2MDIzMDc5
6,3,MC41Nzk0NjA4Nzg0OTUwOTI=
7,4,MC4yMDIyMjg1NjI4NDcxODQ2
8,5,MC43ODI2MzE2MTg3NTUxNjg1
9,6,MC42ODU0NDQ2Nzc1MDg5NzYx
10,0,MC40Nzk2NjMxODMzODYwODc5Mw==
0,1,MC4xNzQ0MTAyNjE0NTc3NjIxNw==
1,2,MC40NTAxNzM2MDIxNzQyNzU3
2,3,MC44MzUwOTE1Njk3NzA0Mzk=
3,4,MC4xMjIyMTEzNDM5NTg3NDQ3OA==
4,5,MC42MTEzMjI0NTM5MTEwNTEx
5,6,MC45MjkyMjU3MjUwNTQ0MTY2
6,0,MC4wNzM0MjczMjI5MTYwNTgzNg==
7,1,MC41Mzk3MTU2NDcwOTI5OTM0
8,2,MC42NDM5NTc5MjA0MTM3NzQ5
9,3,MC43Nzc1MTM0MTE4MTEwMDcz
10,4,MC44MTg5MjMyMDQxMjQ4OTc2
0,5,MC41MTExMDM4OTU0ODQ1OTM1
1,6,MC41NzE0NDY5NzI1NDI3ODk4
2,0,MC4yMDEwMjk5NjU1NTI2ODYxNQ==
3,1,MC4wMTU3MjEwNjAxNjUwMTgzOTc=
4,2,MC4zOTUwMjc3MDQ5Njg1ODEy
5,3,MC41NTg1NjYxNjU4MzIzMzA3
6,4,MC43NzcwNDEyNzAxODYxNTY=
7,5,MC45MTg5NTIzODczNTgzMjQ=
8,6,MC4wNTQyNjEyMzQ1NzI0NzM0NQ==
9,0,MC40NzczODU2MTczNjU1MTUz
10,1,MC43OTQ4NTc0MTY1NzY0MTk4
0,2,MC41NDgwNTI0MzkyNTgzODg4
1,3,MC4wODM1ODUwMDM4MjY2MDczOA==
2,4,MC45NTgyNjU0OTI0Nzk5NTY=
3,5,MC41MDY3MzI3NTQ5NzgyNjMz
4,6,MC41OTI4NTcxMzU2MTM4MTg1
5,0,MC4wNzgyMzI0MTk4NzE0NTczNQ==
6,1,MC4yOTIwMjMzOTI1OTc4NzgyNA==
7,2,MC4yNzUxNjQxMzcwNDQwOTE5
8,3,MC4xNjgzMjY5OTE2NjM2MDE=
9,4,MC40NjAwMzY4ODY3MTk0MDA3
10,5,MC4yMjc2NDMxNTkxMzA0MjQ2NQ==
0,6,MC42NDU0NzUwMTc4NzI4Mjc0
1,0,MC4zMzA3ODAwMTgwNzM5ODc4
2,1,MC44MzU4ODM0Mjc3NTAxODEx
3,2,MC41MzExMzU0NzEzMTUyMjcy
4,3,MC4xNjkxOTE5NDY4OTg4MDI1Nw==
5,4,MC41NTIyMjE4MDc5NTc2MjQ=
6,5,MC4yMDIxMTU4NTU5NzEzOTU3
7,6,MC4xMjYxODM3MTE4OTkxNTI2Nw==
8,0,MC4zOTIwNDg2ODU2Nzg4OTc4Mw==
9,1,MC43MzE4MzczMDE2MDYxMzg1
10,2,MC45MTQxNjUyODc2MDU2ODgy
0,3,MC4wMTMxNzc0NDE1MzY3Nzc5MTI=
1,4,MC4zNzMxNDYxNTgxOTU4NjI3
2,5,MC41OTQzMjA1MTU2NDYzMzkz
3,6,MC4xMTkyNTgwNzkwNTcwMDU1OA==
4,0,MC45ODU4MTA0MDY3NjY4OTk3
5,1,MC41NDg5ODM1NjEwNzY1Mjg4
6,2,MC4zODUzMzUzMjM2MzUyODcy
7,3,MC4zOTkzNTY0MzQzMzIwNjk=
8,4,MC45NDk3MzQ2NjYxMzIyODA3
9,5,MC44Mjc4Nzk2ODYxMTEzMzE5
10,6,MC40ODQwMTE2NTY4Mjk2Mw==
0,0,MC40OTEwMDM3NjA3NzMwNjU0
1,1,MC4zOTY2MDI4NDc0Njg1Mjg4
2,2,MC42MDkyMzYxODE1NTEwMDUz
3,3,MC4xMDEwNjE2NDY2NzA4NzMyNQ==
4,4,MC40MjM5MzExOTc0NzYyMzA4Nw==
5,5,MC40NzI3NjMwMjI1MDE5ODYx
6,6,MC41OTYyMjU3NjY1NDk3Mzk1
7,0,MC43NzY0NTEzNzk2MTM0NjQ5
8,1,MC4xMzEwNzAyMTQyMTQwMDc3Nw==
9,2,MC43NzMxMTM2Njk4NDQ1NDU=
10,3,MC40NzQ5Mjg0ODY4OTUxNTgx
0,4,MC41NzY0NTcxNTQ1MTkyOTAx
1,5,MC45MzQ2MDk5Mzk0MjExNDEx
2,6,MC4yODk1NTYyNjg4MzI5MDI4Ng==
3,0,MC44MTU1NDc5MzMyNzk1NzYx
4,1,MC40MjU5MjI4NjQzNTc4NDEz
5,2,MC45Mzk0NTQ1NjY5MTg1MjU5
6,3,MC45NzExODgzNDE3OTM2MTIy
7,4,MC4zOTEwNzAwMzUwODgxMDc=
8,5,MC4zMzAxODk5MjAwMzk1Nzk4
9,6,MC42NDMwNTgzNjc3MDg0NTk3
10,0,MC45NDY1MjIyMTk0OTM4ODQy
0,1,MC45NTk5MDk1OTY2OTQ1NzEx
1,2,MC44NTE3MzUzNjQxOTU4MjQ=
2,3,MC41MDk5ODcxODgwMzkwMTQ0
3,4,MC44NTAzNjM0OTE1OTMyNzY3
4,5,MC4wNzc2NjUxMjYyNDIzNDA1Nw==
5,6,MC44MDY4MzYwNzQ5ODQ2NzMx
6,0,MC40NDQ1NTIxODAzMzU0NzE0
7,1,MC43MTgyMDcxNDM3ODEyODAx
8,2,MC4wNzgxMzcwNzM4NzEzNzkxNA==
9,3,MC4wMTcxMTQ1MjMyODAzODIx
10,4,MC4zMDgzMTM1MTYyNzQwMDYyNw==
0,5,MC41NjcxOTczMDYyODA3Mjk3
1,6,MC4yMzE4NTUzMTY0NDE0OTI4Mg==
2,0,MC40NzEwNzQ0MDUxNTEzNzU0NA==
3,1,MC4yMzM0NzI2ODE0NDA0NjgwNw==
4,2,MC44NDE5ODk1NzI1OTg5MzQx
5,3,MC4wNDI2MzYwNDI1NTM4NDA5
6,4,MC44ODI4NzA3MjQwNjI5NzA4
7,5,MC4yMzI2MjM5ODg4NDQxMTUxNw==
8,6,MC4xNzYwMDA4MDQzOTM4NTEyNA==
9,0,MC4yMzA5NjQxMjk0OTI1NjIxOA==
10,1,MC4xOTU1NzE1NzQ5NzU3NzY4Mg==
0,2,MC4xMzkwMTU3MDU3MTQ2NzcyNQ==
1,3,MC4wNTg1NjA1MTM5MTcyMDI2Mw==
2,4,MC43MTQ4OTExMzM1NTY5MTUx
3,5,MC40OTM5MzU4MDkxMDExNTU0
4,6,MC41MDUwOTU1NDc2NDgyNDU2
5,0,MC4wMjk0NTg5MzQ3MDg0OTI4MTI=
6,1,MC40NzM4MDM1MDA5OTg1MDA5
7,2,MC4xNzEyOTczMjU5ODY2ODU0Ng==
8,3,MC4xNzgyNzc2MDM4MTU1Njk3OQ==
9,4,MC42OTMwMjQzNTIxNDQyMzY0
10,5,MC44MDExNjgzMjA1MDEyNTU=
0,6,MC4wNTAzNTc2NzkxODk0NjI1NDU=
1,0,MC4xNjE2MDQ4MTMxMTU3MzMwNQ==
2,1,MC40NTg2OTQ1OTQ3MzQ1MzkzMw==
3,2,Ny4zOTU0NDI2NDgwMjI3MjFFLTQ=
4,3,MC43OTc1NDk0NzE3MzYwMjA1
5,4,MC4xNjM4NzUwNzY2OTU0OTUxNw==
6,5,MC44MTQ2MzYwNTUyMDcyNzAz
7,6,MC4zNDAxMTE1MjY2MDg3NTI2Ng==
8,0,MC4yNzcwMzU0NDQ0MzUzMjAxMw==
9,1,MC44NTQ4MDMyNDU0NTM2OTQz
10,2,MC44NTUwNDczNDQyNTI4OTEx
0,3,MC42ODQ5Njc0OTM1OTMyOTEz
1,4,MC40MDgzNDA0MzE4NTEyNDMxNA==
2,5,MC41ODgzMTM1NjcwNDc5Njk=
3,6,MC4wMTczNTc5MDAzODg3NDU1MTc=
4,0,MC45MDc1MjY0MTU2MjQwODg2
5,1,MC42NzQ0MDYwMzIyMDU5ODc2
6,2,MC4yMzgzODc4NTQ3NTcwNzAyNQ==
7,3,MC44OTA0NjE3MDA0Mjc3Nzg1
8,4,MC45NzkxNzg3MDQ2OTI2NjU4
9,5,MC4xNDk0MjcyNDU0NzkyMjMzNw==
10,6,MC40NzMxNTU5Njc1MTUwNDg5Ng==
0,0,MC4zOTE2MDg2OTY3MTkzNjA0
1,1,MC44NzIzNjg3MjI2NTczOTMz
2,2,MC4zMTE0MzE1NTY5OTQzOTgwNg==
3,3,MC4zMjMwNDQxMjc3NzQ2OTM0
4,4,MC4wNzk2MzExOTkzOTAwODg1Ng==
5,5,MC4zNzc5Mjg5NDYzNTk5MjI2
6,6,MC45NDY2NTQzMTgxNjUwMzAx
7,0,MC41OTg4MzgxMDIwMjE1Njk=
8,1,MC42NDAwNjA3MDEwMjEyODk5
9,2,MC4zNDU5MzkzOTYwMjI0OTMzNQ==
10,3,MC44ODczNzg0MTkzMDU5Mzcy
0,4,MC40NjExOTc2Mjc1NzQ4MzU5Ng==
1,5,MC40MDIwNTcyNjE4NTIzOTMx
2,6,MC45OTUwMjI3MzM1MzIxMzg4
3,0,MC45MjYzMDM5MzU2NzIwNzY3
4,1,MC43MzMwMDYzODA3NTg4MTA2
5,2,MC40NzI3NDg4NDk4MDU5Mzc=
6,3,MC4zMjc3NTczODI2NTA3MDgz
7,4,MC4yNTI1MDk1MDczMTMyODM1
8,5,MC43NzU5Njg1Mjc0NTkzNjE1
9,6,MC43MjU2MDQzNzUyODU1MDc3
10,0,MC42NDUxMDU1NjcwNjczMzg3
0,1,MC44MjUxMTYzMDM5NzIwNDQ=
1,2,MC42ODk5Mzg0NTQwNzg5OTQ=
2,3,MC40NzA5NDA5OTQ0NTY2ODY5
3,4,MC45Mzc0Mjc4MTg1MzY1OTM2
4,5,MC4yMTAwNDc4Njc3NzU2NDIyMg==
5,6,MC4wNDgxNzE3MzgwNDgzODIzNw==
6,0,MC44NDcxMTU2NDM1MjQ0MDU5
7,1,MC44MTk5OTIyMTYwMDAwNzY1
8,2,MC40OTIwMDY2MzA2NTM5ODk4Ng==
9,3,MC43MTE4MDgzNzI2MDk3NTQ1
10,4,MC43NTg4MzYwNTE0NDIyMDQ=
0,5,MC4wMzQ5NDc4NTE2MzkyMjg5OA==
1,6,MC43MzA0NDg4NjE0OTA4MDI2
2,0,MC42MDc2OTE1NjczMjc2NDIz
3,1,MC40NDgzNTY5NDY5MTA0NDg4
4,2,MC40MzU5MTE2NzIwMzU3MDc4
5,3,MC44MDg2MjM3MzcyNTUzMzI1
6,4,MC41OTE1Njg0OTkyNjMwODAx
7,5,MC4xNDUyMjYxODIxNTk4NzQ5Mw==
8,6,MC4zNjk4MDQ1MTgwNDY2MTE3NA==
9,0,MC4zNDQ3OTk3MDY4NTg2NzA5
10,1,MC4zMTM2NTM0NDQyMzUyMDU5
0,2,MC44NTkwNzEzNjk0MzQzNjM4
1,3,MC4yNjY4NjI0MjI1MzEwODQwNQ==
2,4,MC4wNzQ2MzM2MzM2OTcyNjY2MQ==
3,5,MC44NjY4MDA5NTgzNTgwNzk5
4,6,MC44MTcyODc1MDAyMjcxMDg5
5,0,MC4yNDQ4MzE5MDc2MDc0OTY1
6,1,MC42MzQ5MDY4NTQ1MzIxODYx
7,2,MC4yNjEwODQ5NDMxMDAzNDU3
8,3,MC4xODM5NTQ0MTkzMzA1NDk2OA==
9,4,MC45MTgxMTYwMTU5MTYxNTE4
10,5,MC4zNjE4OTg3ODg0Mzc0MDI1Mw==
0,6,MC4wNjM4MTkxMDIwMzg4Njk2NQ==
1,0,MC43MDM3MjM3OTExOTcxMjI2
2,1,MC42OTUzMzU0Mzg1NzYxNjQ4
3,2,MC45MjE3OTI2MDk0MDk2Mjc1
4,3,MC40MzY3MDQ4OTUzMzAxMTQ3
5,4,MC40MzA4MTk3NDAwNDA0Ng==
6,5,MC44OTM4MDcxNDM1ODIxOTY2
7,6,MC40NzExNjQ4MzQ4OTE5NjMzNw==
8,0,MC4xNTUyMDAyNzUwNTk1ODM=
9,1,MC4xMDg5NzY5Njg1NzUyOTgxNQ==
10,2,MC4wNzYzNDQyNzYyNDE5ODM0OA==
0,3,MC44NDgwNDQ2NzExMTg4MzM2
1,4,MC40OTU4NzkyMjQwODg4OTgwNg==
2,5,MC45NjUwNTkzODE3NDMwMzg3
3,6,MC44MjI3NDU5NTAyODEyNTIx
4,0,MC4yMjI3NzQ5ODA4MDg0MjQ2Mg==
5,1,MC43MjY2NjU4NTU4ODQ5NzE2
6,2,MC42MDAwNDIwNzU1NjgyMzM5
7,3,MC43MzI5NDEzMzE1MjQwNDA1
8,4,MC4xMTQ3Njk2MTA2OTUxNzQx
9,5,MC44MjM1NDIyMTQ2MTkzNTky
10,6,MC40OTY3NzM5MTk4MTgzMDE0Mw==
0,0,MC41MjIyNjE4MDAxOTUxNjQ0
1,1,MC42MDAxOTc3NTYzMzM3MDQ5
2,2,MC4xMDAyMjI5MzE0NDMyNzUzMg==
3,3,MC41NzUxNDY0MDk3ODg3ODQx
4,4,MC42ODEyNDYxNDE1MjI2NDg3
5,5,MC40ODMxODg4Mjc5MDA1Mzc1
6,6,MC43NDQ3NjMxOTM2MjU0Njg5
7,0,MC4yOTIxOTIzNDk5ODUzMzY1
8,1,MC45MjM1OTYyNDMzMDQ0Mjcx
9,2,MC40NzEzMDQ0NTk3ODg4Nzg5
10,3,MC44ODU1MzU0NTIwMzU1MTI1
0,4,MC42NTc3Njg5NjA2NDgyMjUy
1,5,MC4xNjE4ODIwNjI5NTQ3MzY3Mw==
2,6,MC40MDAzNTY5NTU3MDc5MzU3
3,0,MC4wNjAzNjA3NzM4MzMyODM1Mw==
4,1,MC43Mjc1ODE4OTUwMjQxODc3
5,2,MC40MDQwNDIxMzU4NzEyMzM3
6,3,MC42Njk0ODI4NzY4MTY3MzA5
7,4,MC40MDk2ODQzMTQyOTEzNzI=
8,5,MC4xODg0MDQ4NDU3NzU3OTgy
9,6,MC41MzA4OTYxMjAzNTg3Njk1
10,0,MC4zMjI4NjUyMTk4MTk3OTQy
0,1,MC45NTg4MjQ1NzYzMTYwNjU5
1,2,MC44Njk4OTk3ODE2MDY1NDM0
2,3,MC4wNDM3MzEzNzQwNjcxMDM4MQ==
3,4,MC42MDc2NTA5ODc1OTY5OTk5
4,5,MC4zMjQ4NDQ5MjYwMzU4MDc3
5,6,MC4xMDM0Njg0MzcwMDUxNTc3Mw==
6,0,MC45ODk5MzY4ODc4MDAxNjQ4
7,1,MC43ODg1NzI3MTUzMTYzMTUz
8,2,MC43NjQ3MTQ3NDc3MjU0ODg4
9,3,MC45NzkxOTc0NzMxNTI5MDQy
10,4,MC43Nzk2MDc1Mjk2MjMwNjY1
0,5,MC4yNTc3NTQ5OTMwMjA0NjQ3
1,6,MC41MzIxNjM2NDk2ODk0ODc=
2,0,MC44MDg4ODc1NjUwNTg5ODAy
3,1,MC43MTY1OTgyMDczNzIxMDUx
4,2,MC4wMDQzODE5OTY1MzUxMjI4MzQ=
5,3,MC42NjYwNjY5NTA5NTIyOTE2
6,4,MC4yNDM5NTE3ODIwNjUxMTkyNQ==
7,5,MC4xNDcwOTUwNjQ5OTk2MDE0NQ==
8,6,MC43ODI4ODM4ODIyNjk2Mzg=
9,0,MC4zODUyOTc4MzkxOTg4MjEx
10,1,MC4xMTE1MjEwMjA4NDUxODE3OA==
0,2,MC4yMjA2MTU0Mjc4ODM1NjY4
1,3,MC42ODk5NTIxNTUwODgxMDM3
2,4,MC42NzA3Mzk5NTY5MTczNDU=
3,5,MC4zNDY0ODAxMzUyNDg3NTc=
4,6,MC42OTkzNDAwMzgzMzE2NjM5
5,0,MC45MDgwMTgxODI2Mzk1MTk0
6,1,MC45OTEzNjQxNjAyNzg2OTU2
7,2,MC44MTAwODg2MzgzODUxMTQ=
8,3,MC40MTIwMjc0MDUxMzY4Mzc2Nw==
9,4,MC45NjEyODI3NzcyNzY2MDk2
10,5,MC4zMDc2NDk1MDE0ODkxMjU2
0,6,MC42MDQ3Mjc5Nzg3MDE5NDQ2
1,0,MC45MDAxMjc4NzEzMjUzMTU=
2,1,MC40OTQyMjE0NjE2NzA2NDg5NQ==
3,2,MC4xOTgwMjg4NjM0NzQxNDE4NA==
4,3,MC40NzgxMzU2MTE2Nzc5NzMxNA==
5,4,MC41NDc4MDM1MjY1NDI2NTU2
6,5,MC4wNzkyNTg3NDI0NzEwMjg5Mw==
7,6,MC4wODAxMzE3NzEzMDMxOTQ0OQ==
8,0,MC43MDY3MzYxMzQ1MzUzNjE1
9,1,MC40NjYyNDk1Mjc1MjczNTc3
10,2,MC4zMjY2MTczMDE0ODEwMTUx
0,3,MC45MjIwNzI0OTY0MTM1NjU0
1,4,MC44OTA2Njc2NTU4NTU2MDYz
2,5,MC4yMjcyNzgxNDI3NDMzNzk0Mw==
3,6,MC44MjQyNjgzMTQ5OTYyODI0
4,0,MC43MjM3MzU3ODYwNTk0MDI5
5,1,MC40MDIxMzc3ODU5Nzc3ODUyNw==
6,2,MC4zNTcxMDkyMzQ3MTk5MjQ0
7,3,MC45MjA0MzQ5ODM4NzE5MTM1
8,4,MC43NjU2Nzg0NjcwMjc4ODY2
9,5,MC42NTM2Mjg4Nzg5NjUzNTgy
10,6,MC4xMzg4NzU2NjkxNTAzMzQ0NQ==
0,0,MC40MjQ3ODk5MzE1ODQ3MDEyNA==
1,1,MC44NjMxMTU2MTgyNzcyOTY1
2,2,MC42Njg1Njg2MjE5MTI5NjEy
3,3,MC42MTYzMTU0MDk4MTI1ODcz
4,4,MC42NzE4MjAwMDE4MjA5Mzc5
5,5,MC45NTUzMzg0MDYwNDE5NzE0
6,6,MC4yOTU0NjQ1MDc3MzM4Njcx
7,0,MC45NTA2Mjk2OTY3NTUzMzg4
8,1,MC4xMTMzOTkyMzIwOTU3OTQ3Mg==
9,2,MC45NDg2NjI2NjI5Mjk4MTM5
10,3,MC42ODU0MzU2MjU3MjU1Mjgy
0,4,MC4zNDM5NDI2OTIyMTM4Mjk4
1,5,MC4zMTg0MDYyNDk2OTkzOTE=
2,6,MC43MjgwMDIwOTAxMDA2NDkx
3,0,MC4wMzM4ODY3NzY5ODQ4ODQ5Ng==
4,1,MC4wNTg0MTExNDAyNTc2ODUyMzU=
5,2,MC42Njc0MTk4Mzg4MzQ3MjY4
6,3,MC40NTgxODU5NDI1NDc3MzU2
7,4,MC44MDY5MjM2MDU0MzIwMzAx
8,5,MC41NTE3MjI5NDQ3OTM3OTg3
9,6,MC4xOTg2NDkyOTU3MDE3ODI1OA==
10,0,MC44NzEyMjc3NzI1NjQ4NjA2
0,1,MC40MDkxNDI3NjA2MjUyNjcy
1,2,MC45MjQ3ODEwMDU1NjYxMDk4
2,3,MC4yNTk3MTUwMTExNjg4OTMz
3,4,MC44MDMwNzEyNDQ3MTA0MDYx
4,5,MC44NjM5MzM5MzMxOTczMzY5
5,6,MC4xMDk1NTEzOTcyMjc3ODM3Mw==
6,0,MC4xOTgxNjQ5NDk1ODQwMjE3NQ==
7,1,MC42OTI2OTgzOTU5OTgxOTQy
8,2,MC40ODkxMzcxOTM5ODY5NjA2NQ==
9,3,MC4xNDk3NDc5MTg4MzQ4MTk4Ng==
10,4,MC42NTAzNDgyMjU0OTQ2NzA1
0,5,MC44MTQ2NzE4MzgwOTkzMDI5
1,6,MC4wNzE4NDg0OTE5MTkxOTIxOA==
2,0,MC40MjM1NjA1MjYzMjU1ODcxNg==
3,1,MC41MTg3ODMwMDQyOTM1NzI5
4,2,MC40ODE5NzUwODExNTI2NzY3Mw==
5,3,MC43NTI4OTY1OTk0MjM4MDQz
6,4,MC44NTM1OTk0MjU1NjkxMzQ=
7,5,MC43MDk3MTY2MDA1MjI4MzU1
8,6,MC40MTg4OTIwMzkzNDM5NTk2
9,0,MC45ODg1NjQzNjYwOTY2ODQy
10,1,MC4zODkwMjY5Nzg3NTUxODU2Ng==
0,2,MC44Njk4NzU5NTMzNTU2MDc5
1,3,MC43ODU1MDM5MzUxNzc5ODI0
2,4,MC44MDk1ODcwNTExNjQ4NDg1
3,5,MC4zMTc0MzQxMDMzMTY3NjQ=
4,6,MC4wNDc4NDczOTE3MjExNTExNTY=
5,0,MC4yMDUyMDE5Mjg3NzI3Njk3Nw==
6,1,MC42OTEyNTMwNjM1OTYzMjI3
7,2,MC4wMTI2NDA4NjQ0NDMxNTc1OTY=
8,3,MC4xMjU0MzIyMzI0NTkxMDA2Mg==
9,4,MC44MjY0NTE5OTI3OTIyMDk0
10,5,MC42MDUxNTU3MjQxNDY1MzA1
0,6,MC41Njk2ODMzMDk1MjA1Nzky
1,0,MC4zNzg1MTMwMTQyOTMzMDEy
2,1,MC4yMDY2MTIwMDc3OTExOTY2
3,2,MC43ODQ3MTQ5Mjk1Nzk2NTA2
4,3,MC42NzcyMDc5MTUwNDM5NDcz
5,4,MC44NjM4MjU0MDI2NTY2MjI2
6,5,MC41OTg3OTgzODM3ODc5OTIx
7,6,MC42OTgzNjM4Njg0MDE5OTY1
8,0,MC43Njg0MTA1MDIwNTMyNzY5
9,1,MC4xMTQwOTA1MDE2NzIwNTY3
10,2,MC42MjU3NDMyNjgxNDk0MDM0
0,3,MC40OTkwNjM3NDIwMjU2MDMzMw==
1,4,MC45NzcxMzg3MTYxOTc0MjY0
2,5,MC41OTQwNjE3ODAyOTI4NjA0
3,6,MC40ODkwMDExOTgxNzg5Mjc5NQ==
4,0,MC40MDQ3NDQ1NTk3NjA3NzMwNg==
5,1,MC43NzMzNDEzMTgxMDYzNjY5
6,2,MC40MzM4Nzc0NjY3MDc1ODcy
7,3,MC44OTgyMTcyMzA1MDc0MjEx
8,4,MC4yNjU4MjYyOTY3ODMzMjk4
9,5,MC41MzAzNDIxMDA4NzU0MTE2
10,6,MC45NzQzODE1MDQ2NDAxODUy
0,0,MC4zOTM3NzQ0NjE0MDkzMjIyNg==
1,1,MC41MDU5MzUwNTM5NTk2MzI2
2,2,MC4wMzQ4MjAwOTE1MDM5Mjc3Mw==
3,3,MC44NzAxNjM2NDk5MDYwMTk5
4,4,MC40MDg0MTU2MTQ3Mzk4MzY5
5,5,MC4xNDg3Nzk0MTcxODYwMjM3Mg==
6,6,MC4yNzQzNjkwMTg5MTM5MTQ0
7,0,MC4yNDM1MDkyODc3OTAwODAy
8,1,MC43ODI2MzM0MzYyMzI4MTk0
9,2,MC42NTA1ODgzMzgzMDcxNTM5
10,3,MC41ODQ4ODUwMjMwMjkzMDI=
0,4,MC41NDkwMzEzMDEyMzExOA==
1,5,MC4wOTI3MTI1ODM3ODY2MDc0
2,6,MC4wNDEwMzAwOTAzNjg0MjU4NjQ=
3,0,MC43MDYzNzMzOTUxNDIyMjgz
4,1,MC43NTk1NjQ3Mjg5NzY1MDEz
5,2,MC44MTY0NjY4MDAzMzA2NzA0
6,3,MC4xOTY5NzIzNTA1NDcwNzYz
7,4,MC4zODc4NDM1NTU5Mzc5MDQ=
8,5,MC4yOTM0MDE1Mzc3OTM4OTgy
9,6,MC45NDAyNjYzMjYzOTk2
10,0,MC41Nzc5NTYxOTYzOTAyMzE3
0,1,MC40MzI3NjE1NzkyMjAxMDA2
1,2,MC43MTI4Mjg5Mzk0MzgwMDc3
2,3,MC42Nzc5OTM5NzUwNzc4OTI3
3,4,MC42MzQwNjgyNjE5MjQzMjk0
4,5,MC42OTYxNzYxNDg2NTUwNTc=
5,6,MC4xNzkwNzI3NDQxNjU5MTMxMg==
6,0,MC4xNjE4MjY2OTAwMTA3NzczMg==
7,1,MC41NTk1MjE0NjE4OTcwMDA0
8,2,MC44NjY1NDI4MTE5Njg5ODU=
9,3,MC41MzMxNDM4NzkzOTYzOTY0
10,4,MC4yNzAzNjY5MDUxOTI1MzYzNw==
0,5,MC4wMjk5NzYxODQzMjQ3NTQ3OTU=
1,6,MC4wODUyNjE5MTQ2NTM5NTk3MQ==
2,0,MC4xMTM2MTM4OTM4MDM5NTYxNQ==
3,1,MC42OTAwNTUzNjAwNDA3OTY2
4,2,MC4xNzQ3NjU1OTU4ODQyMTk4
5,3,MC4zMTEzNDc1NzkxNDU5MjUyNg==
6,4,MC43ODgxMzM2MTQzMjkxMzkz
7,5,MC42MzgwMDc1MDA3NTA0NTM5
8,6,MC44NjY2MDAxODMxNzEzMzU3
9,0,MC43NDA3MTgxMDU2Njg3MTM1
10,1,MC41MTAxMDQ5ODU4MDE5NzMy
0,2,MC40MjE1NzcxNDYxOTI0ODI0Mw==
1,3,MC43NzM3MzAzNDk2MDIxNjE4
2,4,MC44MzIwNzA0NjU0NzE3OTM1
3,5,MC45NTY5ODA4MDE5Njc0OTI5
4,6,MC4zNzg2Njc0NDQzMDcxMDI3NQ==
5,0,MC4xNjM1MDQxMzIwOTU4ODk2NQ==
6,1,MC44ODc4MTQxNjg1MTE5MDk0
7,2,MC4yMTg1NTE0MDk1NjQxNzk1
8,3,MC4zNjMzMDM1MjYxMTc0MDY0Ng==
9,4,MC44MTQwNTQ2NDA4ODI0NTAz
10,5,MC4xNDY4NzE4OTU4MDI1MTQ1OA==
0,6,MC4xMzMyNzE1MDMxMTkzNjc3NQ==
1,0,MC4yMjU0MjIzMzYwNTY1MjM4NA==
2,1,MC43MDQ0NTQyMzg3OTI4NTI=
3,2,MC43NjE2NTkzMTIyMTM2NzQ2
4,3,MC45MDkyNzE2MjU4NjkzNzU3
5,4,MC43OTQwNjcyMzIxMTA0MTkz
6,5,MC40MzUwMTIxNDMyNDgzOTE0NA==
7,6,MC4yMTU2ODcxOTYzMTU2MzQ2
8,0,MC4xMDQ4NjYxNzY1MjUxODUzNw==
9,1,MC40MjQyMDA2Mjg5NjE5NjU3NQ==
10,2,MC4yMDc5NDQzMzE2MjkxMDky
0,3,MC4zODk4NDEyNDk0MzUwNDc3
1,4,MC45MTIxODA4ODU4NDgyNjg=
2,5,MC4wMTEzOTYyNTUyNDI3MTQ1OTI=
3,6,MC42NzY0NzM5NzA1OTI3Mjc=
4,0,MC40ODkzNDIxNzkwMzM0NTEx
5,1,MC4xOTI1MDYxNjE3OTAxMTM5Mw==
6,2,MC44MzQ2MTkyNzU5OTY5Mjcy
7,3,MC42NzAxNjA2NjAzOTIxODM1
8,4,MC4yMzcxMTQ4MTMyNDA1ODU5Mg==
9,5,MC40NjY4NDc4NTk0NDcxOTk0
10,6,MC40MDc4NTIzNTIxODI5MzYwMw==
0,0,MC44NjI4ODc0MDgyMjM1Nzc=
1,1,MC42OTA5MDg3ODE0NDcxMTEz
2,2,MC4wMTM0MzkwNTMzNTc0ODAzMDI=
3,3,MC45Nzc0OTIxOTIzNzI2NjM0
4,4,MC45NTM4NzQwMjM3MjM2NTYz
5,5,MC4wMjUxMjAyMjI0NzY3MDA2NQ==
6,6,MC44ODg0NTU1MTY4MTU4ODg1
7,0,MC4xNjA5MDQ1ODMxNDEwMjI2Mw==
8,1,MC42NjMyMjUyMzI3NTMzMDI2
9,2,MC4wODcxNDc2NTM5NjgwNzQxMQ==
10,3,MC43MjI4OTEwMDM1NDAyMjE2
0,4,MC45NzM2MzY1NjA2OTE1NjM2
1,5,MC4zMzYxNTI1NjE3ODQwMjg3NQ==
2,6,MC40MjU3MzQ1MzA3OTIxMzMz
3,0,MC43NDcyNTQzMDQ2NTUwMDM=
4,1,MC4wNjgwODg2ODY2MzM2NDQ5OA==
5,2,MC4wODY3MTU4MjY2MjY0MDE1NA==
6,3,MC44NDkyOTIyNTM4MzAxOTU=
7,4,MC41NTAzNDkyMjk1NjAxNjA0
8,5,MC43MTU2NDA5MjgyODQ5NTIz
9,6,MC40OTQ3OTQyMjM3NTUyNDEz
10,0,MC40NjY0MjkwMDQzMDE0MjAz
0,1,MC41NjE2NzU5ODU3ODEzMzMz
1,2,MC45MTg0NTY4MjgyOTkxOTc0
2,3,MC4yMzg0MTYzMzUyNzExNDUzNg==
3,4,MC4yMjM5NDM2ODQzOTAyNTQzNg==
4,5,MC45MTczNzM0NTU4OTQzODU3
5,6,MC4wMjc3Mjg0NjgzODM4MTI3MQ==
6,0,MC44ODcxODI2MTI2MjQ1MzIy
7,1,MC4wNDk1NTkzMDU2NTkwMDg2OA==
8,2,MC42OTMyODkzNTAxNjIxMDU5
9,3,MC4yMTAyODAzMjUzMjM0NTUx
10,4,MC4zNzU1NTAzNDI4MTQzNjk4Mw==
0,5,MC44NjAxNTIxMzMxNDkzNDAy
1,6,MC4wNDg4NTg3NzA5MDAzNDY2MjY=
2,0,MC4wNzEwODYzNDk0NTY5MDAwNw==
3,1,MC4xOTIyNzM5NTY3MTA4Mzc0Nw==
4,2,MC41Njk0MTA4NjA5NzI3NDUy
5,3,MC40NTEyNjg3NzE1MjUzNzE2
6,4,MC45NzMyMzQxMjA5ODg0OTc3
7,5,MC4yNjk0MjY0MTcxMjkyMzI1NA==
8,6,MC4zNTczMzM5MzQwNjk5MzA1
9,0,MC4yNTQ0NjUwNzY1OTAwNzc=
10,1,MC41MTE2MTc0NDQ3NjQ3MTU=
0,2,MC4wOTY0OTAwMzExMDMzMTkzMw==
1,3,MC45OTg4NDg0NTM0MjM2NDE1
2,4,MC4xMTc5MDI0ODQ0NjU4NDg3Mg==
3,5,MC4zOTAyMjg3MTMyOTMyOTc=
4,6,MC4wNjY3NjIyOTU5NTk5NzE1Mg==
5,0,MC40NTk1ODAzODIxMDA3MTkwNQ==
6,1,MC44MjUzODYzOTAyNzk4NTA2
7,2,MC4yNDQ2NDEzNjcxODgwODAzOA==
8,3,MC45NTkyMDYwMzEyNzc4Nzk2
9,4,MC4wMTIxNTExOTM3Mzc3ODkwNTc=
10,5,MC41NTY0MzI5MDg0MTgwODM2
0,6,MC42NTQyMTA4NTgxNTAzNjMy
1,0,MC42OTU5NTg2NDI0NTgzNzM3
2,1,MC4wNjc2OTM1NTM0OTI2NjEyNg==
3,2,MC42MzUzNDcwMDgzMDk5OTM3
4,3,MC4xODE4MzM4ODg1NzY1MTkwNQ==
5,4,MC42ODg4NzQwODY3MTkzNDk5
6,5,MC41NjM3MTAxMjEyNTIxNDI5
7,6,MC41MDQ0MjA3NDE4NjIzNDgy
8,0,MC4yNTIyNDI4MzI5MTkyNjIy
9,1,MC4wNjg2ODQ3Mzk5ODA1MjMwNQ==
10,2,MC40NzI2NDA5NjE3ODQzMDkzNw==
0,3,MC4xMjM0NTA4MDU3NzQ1MzY5Mw==
1,4,MC4zNTIzMzgxMjYwMzkzNTE5
2,5,MC43MTkwODQyMTQ1NDM1NTIz
3,6,MC4yMzcyNzM0MjAwNTg0NjI5Nw==
4,0,MC40MTIxOTEzNDE5NzAwMDcz
5,1,MC42MjY3ODczMTQzMzA2OTg1
6,2,MC40NzU5OTk2NDI0ODUxMDk0
7,3,MC4wNTkwNjk5MTM1OTExMDA3
8,4,MC4xNzE1Njc2ODQ3MTM3NjQ5Mw==
9,5,MC4xNDA0MDE3MDk5Mjg3MjE4
10,6,MC45NDYzODQ3MDAzOTkzODE5
0,0,MC4zNjAzNjExOTk4NTY1NDc4
1,1,MC4xMTIxNzQ3NjQyMzExMTEwNg==
2,2,MC4xMTUwMzcyNzYyMzYzNjQ2Mg==
3,3,MC4wODU4MTQyNDExNjMyMw==
4,4,MC4zMTg5MTk2MTE2Nzg5NjY=
5,5,MC45MjAwNjA5ODI3MDk0ODM=
6,6,MC42MTQ3NDkwMTU3MTc0NTIy
7,0,MC42NjUxOTI2NDA5ODc4Mjk2
8,1,MC4yMjI3MjQ4ODI3MzcwMzM2
9,2,MC42NDQyMTU3NjcxODk3MDg3
10,3,MC4wOTUwNTI1MTA4MzMxNTU1OA==
0,4,MC42NDcwMTkwODkyNDgyNTc4
1,5,MC40MjE1MjIwMzM2NDI0NTI=
2,6,MC42Mjg0NTYwMDc1ODE0MDU5
3,0,MC4wNjk0Mzc3NTY5NjYwNjc2OQ==
4,1,MC45MjYyMDQ3MDIzNjExNTc5
5,2,MC43NjA5NDA1MzA0MzYxNTA2
6,3,MC44NTA4MTcxMzM5ODk5ODM1
7,4,MC43OTk4MzIwMTkxNTM4ODEy
8,5,MC43NTEwMzU3NTQ2ODgzOTI5
9,6,MC4wNDkyMTM1MzYxNDk5MjE0MQ==
10,0,MC40MTU0MDUxMTkzODgzMDg4
0,1,MC43MDIwNzc2MDkxMjg0MTUy
1,2,MC40NzYzNTU4ODkwNTkxMzQ4NA==
2,3,MC4wOTc0NTY1NzM2NjkyNTA1Mw==
3,4,MC4zNDU3OTI3NzU4NzQzMjI1Ng==
4,5,MC4yNjQxNjM2NTMzMzIxMjU3Nw==
5,6,MC44ODUxMzcwNjcwNjM2MTcx
6,0,MC41OTk4NjczMzc0MzQ3MzI4
7,1,MC40NTc4MjE0NDcxNTkxMjQy
8,2,MC4zOTY4Mjg0Njg0Njc0MjU3
9,3,MC4zNDg0NDcxNDc2MzM5NDgzNQ==
10,4,MC43ODA2Njg1NTA3MDQ4OTM2
0,5,MC43NTMxMzU1NDc2NjY2ODM3
1,6,MC4yNDAzMjE0MDg5ODk5NDQ3
2,0,MC42NjA1MTk5NzI1MjA3MjQ2
3,1,MC4yMjEzMzE2MzQ0MjE0NjM3NQ==
4,2,MC40ODkwNjIwNTkwMzIzOTc0
5,3,MC4wMDU3OTY3NjIzMDI2MzI0ODU1
6,4,MC4zNzM1MDg2MjE3MjA1Mzcy
7,5,MC4zODQxNjg0NTMxODI2MTg2
8,6,MC4zNjE3NDM1ODY5ODc5MDE=
9,0,MC40OTk2MjU1NTEwODMwMjQ4Nw==
10,1,MC45NjkyMzA4MjYyMTA1MTI3
0,2,MC43OTM0Nzg1OTk1MDA5MjI0
1,3,MC45Njc3NDUzMTAxNzg1Mjc=
2,4,MC4yMzcwODEwNDg2MTM2MTU1Ng==
3,5,MC45MTgwNDE4NTYwMTU0NDY2
4,6,MC4yODYyODQ4NDMzNzcwODU4
5,0,MC4wMjk2MTM2NTg0MDM4OTQ3Mzg=
6,1,MC4yMTk0NDAzMjc5NzY2ODM1Ng==
7,2,MC44MDYxODAxODUwODM1NjA1
8,3,MC4xMDk5MDYwNjYxMzQxNDAzMw==
9,4,MC41NTQxMDMyMDE1MzgzMzAx
10,5,MC42NDc5MTU0MDY4MzkxNTI5
0,6,MC4xNTcxMDM3MDUyMzkyNzMy
1,0,MC43MzE2Mzg0MDQzNDY0ODc1
2,1,MC4wOTk3OTQ5MzY0NzI5MzY5MQ==
3,2,MC43MTMzMDkxNDYzMTk3ODc4
4,3,MC4zMjU2MTg4MzQ5NjI0NDk4
5,4,MC43Njk3Mjc4MjE5MzY5MjYx
6,5,MC4yMjE2MzAzMzMxNTIyMzc4
7,6,MC40NTg1MTgxMjI4MzMzMjY5NA==
8,0,MC4xNTgwNTUxOTM1NTE3MTA4Mw==
9,1,MC45ODE4OTEzOTMyODAyNTA5
10,2,MC42NDk2MjIxMzUwNDIxNjI5
0,3,MC4zNzcxMjAxNTMyMzQ3NDI4
1,4,MC4wNjE3OTQwMDQ2MTM1ODc2NA==
2,5,MC45NTI4ODg1NjAxMzg4Mjk2
3,6,MC43NDYxMzgyNTgzNzg2NjQ4
4,0,MC4yODI2Mzk1NzU3MTQzNDQ1
5,1,MC4yODA2NDg4MjIyNzA3Mzc2
6,2,MC45MjkxODE3NzU3NjcyNjE2
7,3,MC43OTk0ODYyMzQzOTUxNjE1
8,4,MC45MjQwOTQwNDY2MjI0MDk3
9,5,MC44NzUzNzg4NDQ1MzEyNTQ=
10,6,MC44NDQ5MTA5OTI3NTA2OTU0
0,0,MC4yMTI3NTAyMjM3MzY0ODA0NQ==
1,1,MC42NTgxNzgwNDcxMTYxMTU0
2,2,MC4wNjg5MDc5NDM5NDY0MTI5OA==
3,3,MC4zMjMyMDI5NTczMTI1ODYx
4,4,MC43Njk4NjE4NjU2OTE3MDQy
5,5,MC45NjU5Njc3NjUyMjMyMzc3
6,6,MC4wMzM2MDQzMDk4NzI1MjkwNQ==
7,0,MC42Njc0Njg5Mjk0Mzc2ODk0
8,1,MC45ODM4MTk4NjkzODc4MDcx
9,2,MC4zNTMwNzM4MDQ0ODExOTM4NQ==
10,3,MC4yMzM5MTI0NDI0NzkwMTY3Nw==
0,4,MC40NDY0MzE5Njg5ODU4OTE1NQ==
1,5,MC45OTI2MTE1MTE4MzQ0Mzk1
2,6,MC4wMzk2MTUxMjcwMTE5NzU4OQ==
3,0,MC40OTA5NTQxMzkyNDE0MTg3Mw==
4,1,MC45MDY4NDc3MTcyNDAwMDQ5
5,2,MC4yOTE1NjU4OTgyODI4OTgwMw==
6,3,MC41MDI3NzkwNTE2MTIzNzI4
7,4,MC4wODM1OTkxNjAwNTMzOTI3NA==
8,5,MC41MTIwNTkwMzcwMTE5OTY=
9,6,MC4wMTU1Mzk4OTQyMDY4ODY4NA==
10,0,MC42MTAwMTA1MjQyMDQ2NzU0
0,1,MC41MzI4ODA0Nzg2Njg0NzI1
1,2,MC41MjA1OTIwOTUwMTQwMzk0
2,3,MC40NjU3OTAyMzYzNDE0Mjc0Nw==
3,4,MC44MTcxNzQyOTk1ODk0NDIy
4,5,MC45MjQ0MjYwOTg1NTgwOTUx
5,6,MC42NzQ4NjczNDQ2NzA4MjI1
6,0,MC4yMjIwMDMwNjk3MTY0NDEzNQ==
7,1,MC4yNTc4NTUxMDM3NDk1MTkzNw==
8,2,MC41MDU0MzA5MjA4MTQ4NDY=
9,3,MC41MzIxMjg0ODcwMzU4NDMz
10,4,MC43NzcwMjYxMzM2NTQxMzUy
0,5,MC4wNTI2OTE4NTU1NzQ4NzA1NQ==
1,6,MC41NTgzNDg2NDMzMjMzMTEy
2,0,MC42MjUxOTgzMzMyNDM0MzMz
3,1,MC42NTE1MDgzOTE2MTU1MzA5
4,2,MC4yMDI5NzMzNTE4NjYwODExMg==
5,3,MC40ODUwMDEwMjc2NTc1NTQ3
6,4,MC42NDk3NjAzMDA1NTgxMDAz
7,5,MC43ODc0OTE4MzI3NDk2MTIx
8,6,MC4xODYxMTAyNzYyMzU3OTA4
9,0,MC4xNDczODExMzA0MDc3NjE0Ng==
10,1,MC4wNTk2OTkwNjk3NzM4MDU5
0,2,MC4xOTY3NjA1MjMzNDI1MjUyNQ==
1,3,MC40MjA5NTE3MDY5NjU1NDg0
2,4,MC45NjY5OTc5NTUyNzQyMjY4
3,5,MC41NDYwMzU0NDEzNzY5NDQz
4,6,MC41MzI3OTYyNzMxMDIwNjE2
5,0,MC4zNjE5MTc1ODU5OTc4MzA4Ng==
6,1,MC41NDE2MjcyNjkwNTEyMjky
7,2,MC4yOTA2MjExMDE0NjY4NzQ5
8,3,MC43MDM1MTU0OTEwNzkzNTI2
9,4,MC40NTgwMjg1MjMzNzMxNTk2
10,5,MC45NzE3NDIwNjg1MjU3Mzk0
0,6,MC44OTU1MTk5NTQzODY4NjEy
1,0,MC4yMDIzODkwNzc1ODg3NjYyMw==
2,1,MC45NjA0NzU5NDk3MzE2Mjg=
3,2,MC45MjY2MzQ5MTcwNjI3MTA1
4,3,MC43OTg0NzM5MjUwNDQ3NjY4
5,4,MC42NTc3ODUyNTM2MzQyMzMy
6,5,MC45MzU5MjMwMTU2NjExNjg0
7,6,MC40NDU2MDc4Mzc2NzI3OTYz
8,0,MC4yOTYwOTQyNjIzNDk0OTI3Nw==
9,1,MC42NDUxMzU5MTQ5NTk3NDE=
10,2,MC4wOTg4MjMzODI5NDUwNTE3Nw==
0,3,MC4yMjY2NDI5MTAyNDg1MzA3OA==
1,4,MC43ODY3MzUwNzEzMTg1NTkx
2,5,MC4yODUwODg2MTc4NTMyMjAxNQ==
3,6,MC4zMTc5NDYxMTkzMDExMjYxNQ==
4,0,MC4xMTk5MDEyNDczMjk3MTMxOQ==
5,1,MC4wNjQxNjA0NDQ0NTQ0NTQxMg==
6,2,MC44NDc4NDMyODMwODM5MDEz
7,3,MC41MDA5ODg1MjU5MzYwMzE0
8,4,MC42NjUzMzY2NzMxMTI4MDU=
9,5,MC44OTU2MjE4NDEwNTIzMjU1
10,6,MC45NDE3MjgyODAyMzczMzQ1
0,0,MC45MDg3ODE5NTk4MDIyNDA1
1,1,MC4zOTMxMzQ3OTc5MDI3Njg2
2,2,MC4wNTE1OTc3ODg5MDI5NzcyOA==
3,3,MC41ODMxMDcyNjY2NjYzODE1
4,4,MC4yNjMxOTU3OTk4NzY4NDQwNQ==
5,5,MC43NzcxNzU1NzA0ODk5MDg2
6,6,MC4wNTA1MTk1NDUwNDI5MzU1NA==
7,0,MC4zODExOTgxNzkyNTc5NjU3Mw==
8,1,MC45NjIzNzkxMzE1MTExNzM4
9,2,MC40NTUzMDAzNTM3NTA4NzY0
10,3,MC44MzUzMzc2NDg1NDY3NTc=
0,4,MC4xNjIwOTE1NjA1MTEyMzk4NQ==
1,5,MC44OTU2MDk2MTg4ODQwNDQz
2,6,MC41NDMwMzM2NDY5NDMwMjU4
3,0,MC4yNjk0MzMzNzM2Nzc0Mjk2
4,1,MC4yNzkzMjIwNDA1NzU5NDA5
5,2,MC41NDYwNzU4Nzk0ODUzNTIz
6,3,MC42ODYzMjUxNzk3Nzc2NzI=
7,4,MC4zODk3ODM5MTI3Mzc3MDk2
8,5,MC45NjUwODQxNzIxNTc1ODQ1
9,6,MC45NzEwNTgwODMwNzA4MjYx
10,0,MC4wODkxMTg0MTIzODU3MzU1OQ==
0,1,MC4zOTQxNzMxNjI5MDE1ODU3Nw==
1,2,MC4wMTAyMzEyNDg1MjQwNzQ1MzI=
2,3,MC4wMjQ0OTQ3MDM4NDA0NjA0ODY=
3,4,MC4wOTk5NzEzMDE4MjMwMDY3Mw==
4,5,MC4zMjM5MTAyNjgwNjYxMDI3
5,6,MC45OTUwMjYxNjIzNzQxMjk4
6,0,MC43Mjg0Nzk1Mjk5NDE3NDY5
7,1,MC4wNDkzNzE1MDcwMTkyNjc5Ng==
8,2,MC40NDI3NzU4MjczNjYxOTExNA==
9,3,MC4xODU3NTMwMTEwNjE2NTg0Mg==
10,4,MC44Mjc5NTQ1NTEzODk5Mzgx
0,5,MC4zNDkwMzI2MjEzOTg5OTYxNg==
1,6,MC4zNjA3MTk1MDg4Njk5OTc0
2,0,MC41OTEzOTk0ODgyODM1Njg2
3,1,MC4yMTE4Nzg0ODcwMzQ5MzUxNw==
4,2,MC41MTk4MjQ2OTAwMTA0MDU0
5,3,MC40NTE4NjA2OTk0MDEwOTk1
6,4,MC4yMzMxMDY4NTg5MDA1NDUxNw==
7,5,MC44MjIxMTE1NDM0NjUwMDk3
8,6,MC44NzA1NTQ5MTI0ODgxMDI4
9,0,MC4wMzc1OTE1NDgwODMxNzAzMzQ=
10,1,MC44NjE3ODA5OTY2MjcxMDcz
0,2,MC4xMDc4NTQxMDk0NzY0NDc0Nw==
1,3,MC4wMzQ3OTI5MTc3NjYxMjg5Mg==
2,4,MC4yNzU3Mzk4MjE3OTk0NDk5
3,5,MC43Mzk4MTE1MTU0ODc2OTE4
4,6,MC4xNzE2MTA1OTIzNTQ4NTAx
5,0,MC4wMjI0ODg4MjQ0Njg2NzYwNg==
6,1,MC41MTgxMDgyNTgzNTM2MjQx
7,2,MC40NTE0NjgzMzQwNTYwODYy
8,3,MC40MjU4NjM0MzUzNjU5NjMyNw==
9,4,MC40NTg3OTU1NDU1MTMwNDA0Nw==
10,5,MC44MTY3MzgwNTg4MTg2MDQ=
0,6,MC40OTI4Mjc0MTI4MTQ2NzY1Nw==
1,0,MC45NTE2ODYwODU4MzI0NzI=
2,1,MC41ODY3NzgyMTI2MzkxODgy
3,2,MC4yNzI0NTE5NTkyMjgxNTk4
4,3,MC43ODQzMTQ4MzM1NTI3NTAy
5,4,MC42MDg1MTI5NDczMzcyNTA2
6,5,MC42Nzg1MjI1NDgyOTc2MzQ5
7,6,MC41NjIyOTQ1MjQ2OTk2NDc1
8,0,MC45ODQyNjU4NzI0ODEwNDc1
9,1,MC44Nzk0NjMyNzY5NjkyMjk3
10,2,MC4wMDYyMTY5MTM1ODIyMjYyMDI=
0,3,MC43NzE2MjE2MTgxMzAyNDY4
1,4,MC40Nzk3Njg1Nzc4NDM1NDQx
2,5,MC41NTk0NDkzODEwNjMyMDY3
3,6,MC41MTQ5OTUzMDQ3MjE5MDA1
4,0,MC44MDk5MDAwMzgyODcxNzg3
5,1,MC44OTQyOTgwNjc1MzM5MTI5
6,2,MC43ODQzODc3ODMwMjg1NTI5
7,3,MC4wMzIyMzEyOTM4MzYxMzg4NzU=
8,4,MC43NjQyMDQwNTA1ODY1MTQ5
9,5,MC42NzU5OTg4NjcwNzUyMTYx
10,6,MC45MTMyMjc1MDc2NTYyMTcx
0,0,MC42NDg1MTExOTk3MTA5NjA1
1,1,MC42NzE5Mzk2OTM2NzExNDk3
2,2,MC4zNjgyNzM0MDQwNDgzMDMx
3,3,MC43NzgzMTQyMjc1ODk1Njg4
4,4,MC4xNzU3ODYxNjE4MjE1MTU2Mw==
5,5,MC45MDY5NzAyNzI5NDI4NTQ4
6,6,MC45ODUzNTA0MjMxNjM0MDc4
7,0,MC4yNTUxNjM1MTkzNzcwMTc1Mw==
8,1,MC4wNzczNTg4NDI2MTMwNzE5MQ==
9,2,MC4xNTMzNDQ1MDE2OTQ2NDg1Mw==
10,3,MC41Mjg4MzE2NzA2MjUwMjE4
0,4,MC4wNzA2MDM5OTA0NzYzNjMwMQ==
1,5,MC45Njc1NTMwODQ5OTk3NzQ0
2,6,MC40NzE2NzkxNTAzMjY3OTgz
3,0,MC41MTE0NjI4OTgyNzEwNzg5
4,1,MC41NDU5OTY3NDM5NTU2NzI=
5,2,MC4xMDQ4NzM2MzA3MjI1NzcyNw==
6,3,MC45Mjk2MDk2NzcyNDA0NDc5
7,4,MC4xNTkzNjQzNDc0NTEzMTQ5
8,5,MC4zMjUzODMxNjQzMzY3Nzg0
9,6,MC4zODUwODg0Mzk0MDY2MTYz
10,0,MC42MzIyOTI2MTM3OTA4MDIz
0,1,MC45Mzg1MjkyMjE0OTM1OTQx
1,2,MC4xNDgyODk1NDg5MTQ4MDQ2MQ==
2,3,MC43MTE1MzM2NjQ0MTYyODk0
3,4,MC40MDgwMzUxODY4Mjk2Nzky
4,5,MC4yMzQxNjc0NDMyNjI0MTk5
5,6,MC45NDYyMDI3NDkwNzUzNDMx
6,0,MC41MDg0ODU5MDY4MDAzOTM3
7,1,MC4wMzI4NTMwOTYwODIwNDY2Nw==
8,2,MC4zODk5NDgzNDQ2NjM0OTY5
9,3,MC41MjIzNjQyMzY5NjMxMTI1
10,4,MC41ODY2ODMzNjgxNzUzMTU3
0,5,MC41MDEzMDM0MzQzNTQxNzI5
1,6,MC44MTQ2NzQ3Nzk4MzIwMTk0
2,0,MC40MDcxMTk2MjgxNjM5ODQ1
3,1,MC4yNzA0MTY5NTM5MzQ1NzAx
4,2,MC4yNTQ1MTYyNjUxNTc5ODQ=
5,3,MC4zMjcwMzQ2NTk0Mjc1MjQz
6,4,MC42ODM4MDE0MDIyNTgwNDY=
7,5,MC45ODI4Mzg1MDczMDc0NDM0
8,6,MC42NTg2NzgyNTg1OTY0NzIx
9,0,MC4zNDk5NzEwOTMwNzQ2MDI3
10,1,MC42NDM3NzI5MzkzMDQwNTUx
0,2,MC42NTE0NjU1OTQxNzk0NDk5
1,3,MC45MDQzMjY0NDQ5NzM2NDU0
2,4,MC44MzY2NTA2Njc3MzU0NTc2
3,5,MC43NTI2NDY3MDc1ODk5MTY5
4,6,MC40NjY2ODAyNTkyMTI0NzYxMw==
5,0,MC43OTY0NzI0MTc3Mjg0MDMz
6,1,MC42NjA0ODUwNDU0NzQ2OTU0
7,2,MC40NjMxNzg1NjAyNDkwNjky
8,3,MC41NTQ3NjIyMTg0OTAwNzQy
9,4,MC4zODc1OTk4ODMyMzkxMjM2NA==
10,5,MC44OTM3NTk0NDYyMDIyNzI0
0,6,MC4wMDY2MDgxOTQ4MTYxNDQyNzU=
1,0,MC4xNDI0NjU2NjAzMTg0ODI1
2,1,MC44ODA5MDI4MjY4NzExNTc2
3,2,MC4xMDc1OTcwOTM5OTI3MTAxMQ==
4,3,MC41MzAxOTA4NzIxMjQyMDcx
5,4,MC44Mjc5Njc0OTczMTIwMjU3
6,5,MC44Njk5ODc0MDgxMDA4OTY5
7,6,MC44ODY0Njg4NzUzMzM1MTcx
8,0,MC4xNTg3MTAzMDIzODEwNDQ3OA==
9,1,MC45ODIzMDYwNTkzNzYzODY5
10,2,MC43NzI0OTI0MTM4NTI1OTgx
0,3,MC4yMDY3MTcwMzgyMDAyNTAyMg==
1,4,MC44OTQzMzAxOTcwMDYxNTY5
2,5,MC4yNTgzNTY3Mjc4Mzk5MTU5
3,6,MC4zOTYwNjU1NTk5ODU0NDExMw==
4,0,MC40MjA0Mzk3NzE0NjA3MjM3NQ==
5,1,MC44NzgzMjgwMjIzOTAzODI5
6,2,MC4zMzc2NDkyODc2MDExMTgyMw==
7,3,MC45NTE0MjI5OTgwMTk1OTYz
8,4,MC41NDE2ODMxOTE2MzA0NDQz
9,5,MC4xNjI2MTE0NzM0NDQ0OTc5
10,6,MC45ODE1MzQ3NjA2ODEwNDM4
0,0,MC44NjQwOTY2NTg1MjM5Nzg0
1,1,MC43NTI3NzU5MzE2ODM0Nzk3
2,2,MC4xMjgwOTYzMTc0Mjk2MTAwMw==
3,3,MC4yNDc5MTk1MTQ5NzI2ODY1
4,4,MC40OTA0OTkzNDQ5MDE1Njg1NQ==
5,5,MC4wNjE2NTY3OTU5ODMwMDU4ODU=
6,6,MC4xMzExODAxOTUyMTAwNTA5OA==
7,0,MC4zMzIzNDkyOTEyNzA5NjI5
8,1,MC41MDEwMDAzOTM5ODcwNTQ4
9,2,MC43NzQ3MDI3NTMyOTA5MzE2
10,3,MC4zMDA2NDc1Njk3MjcxODY0
0,4,MC4wODk2NTk0MTk4OTA5MjU1Mg==
1,5,MC43NDY4MDA3MTQ3NTg3NTgx
2,6,MC4wMDg5NjI3OTAyMjk0MDM4Mjg=
3,0,MC43NDQyODI5NjY2MTY4Mjk3
4,1,MC4wODUxOTcyMDMyMjU0OTY5NQ==
5,2,MC43OTQxMjM2NjQ3NzUzNjI=
6,3,MC41OTgwNDU2NjIwNjM5MjQ1
7,4,MC4yNTk0NzM5ODI2ODkwODM2
8,5,MC4xMDA0MzI3NDQ2OTU1OTkxNQ==
9,6,MC4zMjQ3MjE0NzYyMTYzNzczNw==
10,0,MC45NTg1MDc1NDUxMTU5MzY5
0,1,MC4wMjYyMDUwMzgxNTY5NDIxOTU=
1,2,MC43Nzg5ODg4OTExODM1ODIy
2,3,MC44MDI4NjA4ODIxMjc0Nzc2
3,4,MC41NzU4MDc3NjQ0NDY4MjY=
4,5,MC40NjEwMzg1MTg4NjIyOA==
5,6,MC4xMTc2MDI0MzI0NTUyOTMzNA==
6,0,MC45MDI5MjI4NjM4NzIwOTk1
7,1,MC4wNTE3MTM2NTI2Mzk0MTM0MQ==
8,2,MC41OTU5NTQ0NTgyMzM0MzAy
9,3,MC45Nzk0NTIwNzEyODAxNTc4
10,4,MC4zMjUyMTIxNzY5MzY3ODM1
0,5,MC4wOTAwNTAxODU4MTAwMjE1NQ==
1,6,MC40MTkyMTMxNjIxMzg0NTU3
2,0,MC4zOTkwMTgyMzc5MDEzMzA4NA==
3,1,MC40ODYwOTc5MjcxNTk3Mzg3Ng==
4,2,MC40MzgxNjk2NDMzODMzMjUx
5,3,MC45MjA5Mjc5Mjg3NjEyNDEz
6,4,MC44NzY5MjYxNTgzMjIyNTAx
7,5,MC43ODIwMTE1NDQ1MTUxOTkz
8,6,MC42NjU4MzAyNTgzNTU4NTc3
9,0,MC45NjUyNjEzOTE5NDQ1MTA1
10,1,MC4yNDgyMDkxMTE1MjMzMzM4
0,2,MC44NTMxMjQ4OTg0MjM1MzY2
1,3,MC44Mjk0Nzk4MTg3NzY3NTE2
2,4,MC4zMzMzMjQwNTM5NjM0NjY0
3,5,MC4wMTEwNTc4ODExNjM2NDYzNjY=
4,6,MC4xODU0NTAyMDgyODYwNjc2Mg==
5,0,MC44MTA0NjYzMTc1MjA1NzI3
6,1,MC4wOTQxOTc5MTY3Nzg5NDkxOA==
7,2,MC45Njk3NDQ1OTI4NzMyNTQ=
8,3,MC45OTY2OTEwNjM1NzI4Njk=
9,4,MC4wNzM0NjcwNDE0MTIyNjYyMw==
10,5,MC45NjA0Mzc1Mzg3NTQwOTUx
0,6,MC43NTEyMTcwMzY0ODc0NTA1
1,0,MC4zODAyMDY3MTM0MDMzMjAxMw==
2,1,MC42NzY1ODA0MTk1NzkxMjY=
3,2,MC44NzU0NzM1NDc3NzMyNTA4
4,3,MC40MjE3MTcwNjM3MTk1OTE5NA==
5,4,MC4zNjc5NjIyMzAzMDg0MzE2Nw==
6,5,MC40MzQ4MDc4OTc1NjczMDg1Mw==
7,6,MC4xMTg3Mjk3MTgyMTUxMTYxMw==
8,0,MC4xNDA0MjA2MzAzOTkxOTE3Mw==
9,1,MC42OTQyMTU5Mzg3MDkwMTE1
10,2,MC41OTk2MjQ0NTkyODE4MjU3
0,3,MC4xNDAwNjQ2MTkwODAzMTY2NA==
1,4,MC4xMTAxNDM2MTczNDY4NzI5NQ==
2,5,MC43NTk0Mjk3OTkxNzI5MzY2
3,6,MC40MTk5NjY2MzIzMjc3ODY0
4,0,MC44NDc2MzI5NDU4NDAwNTc3
5,1,MC40Njg0NjA4MzQzNjM5NzI3
6,2,MC4zMTUyNjA5NzI4ODI5Nzg0
7,3,MC4yMTE4NTI2NDU4NDkzNjU1OA==
8,4,MC41NzgzMDE3NjI3OTAxMjIx
9,5,MC4wODI4ODU3NTY1NzY0MzYzOA==
